Section,Commodity,Metric,Value,Rank,Details
HEADER,Commodity Trade Lane Analysis v1.0.0,Generated: 2026-02-05 23:33,Harmonized 2024 Panjiva Data,,
,,,,,
OVERVIEW,"Steel Products (HS72, HS73)",Total Records,"72,178",,
OVERVIEW,"Steel Products (HS72, HS73)",Total Tonnage,63.95M,,"63,953,692 metric tons"
OVERVIEW,"Steel Products (HS72, HS73)",Total Value,"$93,267,748,254",,
OVERVIEW,"Steel Products (HS72, HS73)",Unique Origins,415,,
OVERVIEW,"Steel Products (HS72, HS73)",Unique Destinations,88,,
,,,,,
TRADE_LANES,"Steel Products (HS72, HS73)",Sepetiba Bay -> Houston,7.07M,1142,"370 shipments | $9,497,880,300"
TRADE_LANES,"Steel Products (HS72, HS73)",Rio De Janeiro -> The Port of Charleston,4.09M,1094,"111 shipments | $1,996,987,000"
TRADE_LANES,"Steel Products (HS72, HS73)",All Other Ports In Bulgaria -> Houston,3.38M,171,"153 shipments | $4,933,574,300"
TRADE_LANES,"Steel Products (HS72, HS73)",Sepetiba Bay -> The Port of Brownsville,2.19M,1148,"48 shipments | $1,462,834,000"
TRADE_LANES,"Steel Products (HS72, HS73)",Point Lisas -> The Port of Charleston,1.88M,1011,"53 shipments | $2,140,345,000"
TRADE_LANES,"Steel Products (HS72, HS73)",Sepetiba Bay -> Philadelphia Regional Port Authority,1.80M,1143,"260 shipments | $3,467,378,300"
TRADE_LANES,"Steel Products (HS72, HS73)",Lazaro Cardenas -> Alabama State Port Authority,1.49M,815,"33 shipments | $1,363,583,000"
TRADE_LANES,"Steel Products (HS72, HS73)",Sepetiba Bay -> Tampa,1.47M,1147,"7 shipments | $1,834,491,000"
TRADE_LANES,"Steel Products (HS72, HS73)",Gemlik -> Houston,1.34M,550,"112 shipments | $2,454,604,080"
TRADE_LANES,"Steel Products (HS72, HS73)",Alexandria -> San Juan,1.32M,32,"10 shipments | $1,005,864,200"
,,,,,
TOP_SHIPPERS,"Steel Products (HS72, HS73)",Interpipe Ukraine,3.35M,590,5.2% market share | 186 shipments
TOP_SHIPPERS,"Steel Products (HS72, HS73)",Ternium,2.19M,1334,3.4% market share | 49 shipments
TOP_SHIPPERS,"Steel Products (HS72, HS73)",Nu Iron Unlimited,1.61M,952,2.5% market share | 48 shipments
TOP_SHIPPERS,"Steel Products (HS72, HS73)",Arcelormittal Mexico S.A. De C.V.,1.49M,101,2.3% market share | 33 shipments
TOP_SHIPPERS,"Steel Products (HS72, HS73)",Duferco Sa,1.00M,334,1.6% market share | 33 shipments
TOP_SHIPPERS,"Steel Products (HS72, HS73)",Posco,975.1K,1018,"1.5% market share | 2,625 shipments"
TOP_SHIPPERS,"Steel Products (HS72, HS73)",Formosa Ha Tinh Steel,790.2K,416,1.2% market share | 27 shipments
TOP_SHIPPERS,"Steel Products (HS72, HS73)",Global Trade Operations,708.7K,453,1.1% market share | 4 shipments
TOP_SHIPPERS,"Steel Products (HS72, HS73)",Al Ezz Dekheila Steel Co.,662.3K,30,1.0% market share | 51 shipments
TOP_SHIPPERS,"Steel Products (HS72, HS73)",Stemcor London Ltd.,623.2K,1260,1.0% market share | 18 shipments
,,,,,
TOP_CONSIGNEES,"Steel Products (HS72, HS73)",North American Marine Inc.,3.35M,1767,5.2% market share | 192 shipments
TOP_CONSIGNEES,"Steel Products (HS72, HS73)",Ternium,3.32M,2484,5.2% market share | 509 shipments
TOP_CONSIGNEES,"Steel Products (HS72, HS73)",Coppersmith Gloabal Logistics,3.11M,590,4.9% market share | 28 shipments
TOP_CONSIGNEES,"Steel Products (HS72, HS73)",Arcelormittal International America Llc,2.28M,195,"3.6% market share | 3,221 shipments"
TOP_CONSIGNEES,"Steel Products (HS72, HS73)",Coppersmith Global Logistics,1.85M,591,2.9% market share | 615 shipments
TOP_CONSIGNEES,"Steel Products (HS72, HS73)",The David J. Joseph Co.,1.68M,2493,2.6% market share | 52 shipments
TOP_CONSIGNEES,"Steel Products (HS72, HS73)",Biehl & Co.,1.64M,322,2.6% market share | 72 shipments
TOP_CONSIGNEES,"Steel Products (HS72, HS73)",Host Agency,1.32M,1143,2.1% market share | 204 shipments
TOP_CONSIGNEES,"Steel Products (HS72, HS73)",Jaime Maduro Customs Broker,867.5K,1275,1.4% market share | 3 shipments
TOP_CONSIGNEES,"Steel Products (HS72, HS73)",Ferrosource,725.8K,864,1.1% market share | 42 shipments
,,,,,
HS_CODES,"Steel Products (HS72, HS73)",HS72,51.99M,,"81.3% of tonnage | 48,355.0 shipments"
HS_CODES,"Steel Products (HS72, HS73)",HS73,11.97M,,"18.7% of tonnage | 23,823.0 shipments"
,,,,,
ORIGIN_COUNTRIES,"Steel Products (HS72, HS73)",Brazil,24.48M,14,"38.3% of tonnage | 3,724 shipments"
ORIGIN_COUNTRIES,"Steel Products (HS72, HS73)",South Korea,4.47M,78,"7.0% of tonnage | 17,551 shipments"
ORIGIN_COUNTRIES,"Steel Products (HS72, HS73)",Bulgaria,3.50M,16,5.5% of tonnage | 194 shipments
ORIGIN_COUNTRIES,"Steel Products (HS72, HS73)",Trinidad and Tobago,3.01M,84,4.7% of tonnage | 110 shipments
ORIGIN_COUNTRIES,"Steel Products (HS72, HS73)",Vietnam,2.91M,92,"4.5% of tonnage | 5,025 shipments"
ORIGIN_COUNTRIES,"Steel Products (HS72, HS73)",Turkey,2.88M,85,4.5% of tonnage | 515 shipments
ORIGIN_COUNTRIES,"Steel Products (HS72, HS73)",Belgium,2.46M,11,"3.8% of tonnage | 11,197 shipments"
ORIGIN_COUNTRIES,"Steel Products (HS72, HS73)",Canada,2.37M,17,"3.7% of tonnage | 1,865 shipments"
ORIGIN_COUNTRIES,"Steel Products (HS72, HS73)",Mexico,2.13M,56,"3.3% of tonnage | 2,057 shipments"
ORIGIN_COUNTRIES,"Steel Products (HS72, HS73)",Japan,1.62M,50,"2.5% of tonnage | 6,031 shipments"
,,,,,
VESSEL_TYPES,"Steel Products (HS72, HS73)",Bulk Carrier,36.78M,,"57.5% of tonnage | 37,533 shipments"
VESSEL_TYPES,"Steel Products (HS72, HS73)",General Cargo,14.13M,,"22.1% of tonnage | 14,468 shipments"
VESSEL_TYPES,"Steel Products (HS72, HS73)",Tanker,505.1K,,0.8% of tonnage | 984 shipments
VESSEL_TYPES,"Steel Products (HS72, HS73)",LPG/LNG Carrier,127.7K,,0.2% of tonnage | 60 shipments
VESSEL_TYPES,"Steel Products (HS72, HS73)",RoRo,113.5K,,"0.2% of tonnage | 1,649 shipments"
VESSEL_TYPES,"Steel Products (HS72, HS73)",Container,5.9K,,0.0% of tonnage | 75 shipments
VESSEL_TYPES,"Steel Products (HS72, HS73)",Reefer,41.1,,0.0% of tonnage | 3 shipments
,,,,,
,,,,,
OVERVIEW,Grain & Oilseeds (HS10-12),Total Records,"1,470",,
OVERVIEW,Grain & Oilseeds (HS10-12),Total Tonnage,3.76M,,"3,760,022 metric tons"
OVERVIEW,Grain & Oilseeds (HS10-12),Total Value,"$4,102,826,471",,
OVERVIEW,Grain & Oilseeds (HS10-12),Unique Origins,122,,
OVERVIEW,Grain & Oilseeds (HS10-12),Unique Destinations,58,,
,,,,,
TRADE_LANES,Grain & Oilseeds (HS10-12),Milos Island -> Port of Brunswick,308.8K,141,"18 shipments | $333,192,000"
TRADE_LANES,Grain & Oilseeds (HS10-12),Fort Williams -> BuffaloNiagara Falls,254.4K,73,"12 shipments | $188,541,000"
TRADE_LANES,Grain & Oilseeds (HS10-12),Fort Williams -> Toledo-Lucas Port Authority,200.7K,79,"16 shipments | $208,027,000"
TRADE_LANES,Grain & Oilseeds (HS10-12),All Other Saudi Arabia Ports -> Port of New Orleans,121.0K,14,"2 shipments | $160,445,000"
TRADE_LANES,Grain & Oilseeds (HS10-12),Windsor -> Toledo-Lucas Port Authority,108.0K,201,"4 shipments | $263,790,000"
TRADE_LANES,Grain & Oilseeds (HS10-12),Dairen -> San Juan,105.0K,62,"5 shipments | $107,835,000"
TRADE_LANES,Grain & Oilseeds (HS10-12),San Pedro -> Baltimore,104.3K,175,"44 shipments | $69,488,400"
TRADE_LANES,Grain & Oilseeds (HS10-12),Itacoatiara -> Port of Virginia,103.2K,116,"5 shipments | $55,214,000"
TRADE_LANES,Grain & Oilseeds (HS10-12),Sao Paulo -> Houston,102.4K,178,"6 shipments | $350,910,000"
TRADE_LANES,Grain & Oilseeds (HS10-12),All Other Republic Of South Africa Ports -> Philadelphia Regional Port Authority,99.9K,13,"2 shipments | $188,188,000"
,,,,,
TOP_SHIPPERS,Grain & Oilseeds (HS10-12),Viterra Inc.,221.7K,170,5.9% market share | 28 shipments
TOP_SHIPPERS,Grain & Oilseeds (HS10-12),James Richardson International Ltd.,168.0K,88,4.5% market share | 7 shipments
TOP_SHIPPERS,Grain & Oilseeds (HS10-12),Parrish & Heimbecker Ltd.,134.2K,133,3.6% market share | 19 shipments
TOP_SHIPPERS,Grain & Oilseeds (HS10-12),Imerys Industrial Minerals Greece,132.2K,84,3.5% market share | 7 shipments
TOP_SHIPPERS,Grain & Oilseeds (HS10-12),Amaggi Exportacao E Importacao Ltda,130.8K,11,3.5% market share | 10 shipments
TOP_SHIPPERS,Grain & Oilseeds (HS10-12),Sabic Agri Nutrients Co.,121.0K,147,3.2% market share | 2 shipments
TOP_SHIPPERS,Grain & Oilseeds (HS10-12),Richardson International Ltd.,109.9K,143,2.9% market share | 7 shipments
TOP_SHIPPERS,Grain & Oilseeds (HS10-12),Adm Agri Industries Co.,108.2K,4,2.9% market share | 5 shipments
TOP_SHIPPERS,Grain & Oilseeds (HS10-12),Garnet International Resources (Pty) ),99.9K,68,2.7% market share | 2 shipments
TOP_SHIPPERS,Grain & Oilseeds (HS10-12),Penny Newman Grain Co.,85.4K,134,2.3% market share | 4 shipments
,,,,,
TOP_CONSIGNEES,Grain & Oilseeds (HS10-12),Imerys Perlite Usa Inc.,226.2K,95,6.0% market share | 14 shipments
TOP_CONSIGNEES,Grain & Oilseeds (HS10-12),Pan American Grain Mfg. Co. Inc.,218.9K,154,5.8% market share | 28 shipments
TOP_CONSIGNEES,Grain & Oilseeds (HS10-12),General Mills,172.0K,81,4.6% market share | 7 shipments
TOP_CONSIGNEES,Grain & Oilseeds (HS10-12),Glacier Northwest Inc.,149.8K,83,4.0% market share | 25 shipments
TOP_CONSIGNEES,Grain & Oilseeds (HS10-12),Molinos De Puerto Rico,148.1K,137,3.9% market share | 16 shipments
TOP_CONSIGNEES,Grain & Oilseeds (HS10-12),Sabic Americas,121.0K,186,3.2% market share | 2 shipments
TOP_CONSIGNEES,Grain & Oilseeds (HS10-12),Hansen Mueller,120.0K,88,3.2% market share | 8 shipments
TOP_CONSIGNEES,Grain & Oilseeds (HS10-12),Adm Toledo,108.0K,4,2.9% market share | 4 shipments
TOP_CONSIGNEES,Grain & Oilseeds (HS10-12),Penny Newman Grain Co.,103.8K,158,2.8% market share | 6 shipments
TOP_CONSIGNEES,Grain & Oilseeds (HS10-12),Lyondell Chemical Co.,102.4K,116,2.7% market share | 6 shipments
,,,,,
HS_CODES,Grain & Oilseeds (HS10-12),HS10,1.56M,,41.6% of tonnage | 359.0 shipments
HS_CODES,Grain & Oilseeds (HS10-12),HS12,1.39M,,36.9% of tonnage | 880.0 shipments
HS_CODES,Grain & Oilseeds (HS10-12),HS11,808.1K,,21.5% of tonnage | 231.0 shipments
,,,,,
ORIGIN_COUNTRIES,Grain & Oilseeds (HS10-12),Canada,1.24M,9,33.0% of tonnage | 267 shipments
ORIGIN_COUNTRIES,Grain & Oilseeds (HS10-12),Brazil,459.0K,8,12.2% of tonnage | 37 shipments
ORIGIN_COUNTRIES,Grain & Oilseeds (HS10-12),Argentina,324.8K,2,8.6% of tonnage | 111 shipments
ORIGIN_COUNTRIES,Grain & Oilseeds (HS10-12),Greece,323.8K,19,8.6% of tonnage | 22 shipments
ORIGIN_COUNTRIES,Grain & Oilseeds (HS10-12),Thailand,159.9K,43,4.3% of tonnage | 38 shipments
ORIGIN_COUNTRIES,Grain & Oilseeds (HS10-12),South Africa,154.9K,38,4.1% of tonnage | 6 shipments
ORIGIN_COUNTRIES,Grain & Oilseeds (HS10-12),Turkey,144.5K,45,3.8% of tonnage | 28 shipments
ORIGIN_COUNTRIES,Grain & Oilseeds (HS10-12),China,128.3K,10,3.4% of tonnage | 61 shipments
ORIGIN_COUNTRIES,Grain & Oilseeds (HS10-12),Poland,121.9K,33,3.2% of tonnage | 9 shipments
ORIGIN_COUNTRIES,Grain & Oilseeds (HS10-12),Saudi Arabia,121.0K,37,3.2% of tonnage | 2 shipments
,,,,,
VESSEL_TYPES,Grain & Oilseeds (HS10-12),Bulk Carrier,2.20M,,58.6% of tonnage | 650 shipments
VESSEL_TYPES,Grain & Oilseeds (HS10-12),Tanker,233.4K,,6.2% of tonnage | 57 shipments
VESSEL_TYPES,Grain & Oilseeds (HS10-12),General Cargo,217.2K,,5.8% of tonnage | 32 shipments
VESSEL_TYPES,Grain & Oilseeds (HS10-12),RoRo,54.0K,,1.4% of tonnage | 408 shipments
VESSEL_TYPES,Grain & Oilseeds (HS10-12),Container,2.0K,,0.1% of tonnage | 25 shipments
VESSEL_TYPES,Grain & Oilseeds (HS10-12),Reefer,498.2,,0.0% of tonnage | 12 shipments
VESSEL_TYPES,Grain & Oilseeds (HS10-12),LPG/LNG Carrier,0.8,,0.0% of tonnage | 2 shipments
,,,,,
,,,,,
OVERVIEW,"Chemicals (HS28-29, HS38)",Total Records,"9,590",,
OVERVIEW,"Chemicals (HS28-29, HS38)",Total Tonnage,36.00M,,"35,995,736 metric tons"
OVERVIEW,"Chemicals (HS28-29, HS38)",Total Value,"$95,669,290,535",,
OVERVIEW,"Chemicals (HS28-29, HS38)",Unique Origins,341,,
OVERVIEW,"Chemicals (HS28-29, HS38)",Unique Destinations,87,,
,,,,,
TRADE_LANES,"Chemicals (HS28-29, HS38)",Rotterdam -> New York/Newark Area,4.67M,809,"110 shipments | $3,251,034,000"
TRADE_LANES,"Chemicals (HS28-29, HS38)",Coatzacoalcos -> Baton Rouge (BTR) Airport,3.10M,370,"93 shipments | $4,844,657,000"
TRADE_LANES,"Chemicals (HS28-29, HS38)",Rotterdam -> The Port of Charleston,1.42M,820,"35 shipments | $2,909,764,200"
TRADE_LANES,"Chemicals (HS28-29, HS38)",Coatzacoalcos -> Port Arthur,1.11M,374,"8 shipments | $2,050,072,000"
TRADE_LANES,"Chemicals (HS28-29, HS38)",Antwerp -> Philadelphia Regional Port Authority,860.6K,201,"45 shipments | $1,414,659,000"
TRADE_LANES,"Chemicals (HS28-29, HS38)",Rotterdam -> Tampa,717.3K,819,"25 shipments | $75,036,000"
TRADE_LANES,"Chemicals (HS28-29, HS38)",Rotterdam -> Houston,634.8K,806,"264 shipments | $1,179,954,540"
TRADE_LANES,"Chemicals (HS28-29, HS38)",All Other Chile Ports -> Port Of Boston,513.7K,44,"13 shipments | $3,749,258,000"
TRADE_LANES,"Chemicals (HS28-29, HS38)",Onsan -> Houston,420.3K,712,"177 shipments | $864,098,100"
TRADE_LANES,"Chemicals (HS28-29, HS38)",All Other India West Coast Ports -> New York,419.3K,73,"23 shipments | $1,522,607,000"
,,,,,
TOP_SHIPPERS,"Chemicals (HS28-29, HS38)",ExxonMobil,4.70M,215,13.1% market share | 146 shipments
TOP_SHIPPERS,"Chemicals (HS28-29, HS38)",Celanese,3.32M,110,9.2% market share | 163 shipments
TOP_SHIPPERS,"Chemicals (HS28-29, HS38)",Compania Minera,2.13M,139,5.9% market share | 48 shipments
TOP_SHIPPERS,"Chemicals (HS28-29, HS38)",Sociedad Punta De Lobos S.A.,1.96M,644,5.4% market share | 68 shipments
TOP_SHIPPERS,"Chemicals (HS28-29, HS38)",The Dow Chemical Co.,924.9K,684,2.6% market share | 2 shipments
TOP_SHIPPERS,"Chemicals (HS28-29, HS38)",Perstorp Oxo Ab,818.9K,514,2.3% market share | 27 shipments
TOP_SHIPPERS,"Chemicals (HS28-29, HS38)",Puraglobe Germany Gmb H,717.3K,557,2.0% market share | 25 shipments
TOP_SHIPPERS,"Chemicals (HS28-29, HS38)",Alunorte Alumina Do Norte Do,717.0K,29,2.0% market share | 39 shipments
TOP_SHIPPERS,"Chemicals (HS28-29, HS38)",Reliance Industries Ltd.,509.0K,579,1.4% market share | 33 shipments
TOP_SHIPPERS,"Chemicals (HS28-29, HS38)",Biodiesel Bilbao S.L.,392.6K,74,1.1% market share | 13 shipments
,,,,,
TOP_CONSIGNEES,"Chemicals (HS28-29, HS38)",ExxonMobil,4.79M,327,13.3% market share | 167 shipments
TOP_CONSIGNEES,"Chemicals (HS28-29, HS38)",Celanese,3.32M,184,9.2% market share | 163 shipments
TOP_CONSIGNEES,"Chemicals (HS28-29, HS38)",Morton Salt,2.17M,591,6.0% market share | 72 shipments
TOP_CONSIGNEES,"Chemicals (HS28-29, HS38)",Eastern Salt Co. Inc.,1.72M,283,4.8% market share | 40 shipments
TOP_CONSIGNEES,"Chemicals (HS28-29, HS38)",Dow Europe Gmb H Plant F412,924.9K,267,2.6% market share | 2 shipments
TOP_CONSIGNEES,"Chemicals (HS28-29, HS38)",Perstorp Polyols Inc.,818.9K,680,2.3% market share | 27 shipments
TOP_CONSIGNEES,"Chemicals (HS28-29, HS38)",Puraglobe Syntaincis Llc,717.3K,708,2.0% market share | 25 shipments
TOP_CONSIGNEES,"Chemicals (HS28-29, HS38)",Green America Biofuels Llc,533.1K,375,1.5% market share | 30 shipments
TOP_CONSIGNEES,"Chemicals (HS28-29, HS38)",Lanxess Deutschland G,506.2K,524,1.4% market share | 16 shipments
TOP_CONSIGNEES,"Chemicals (HS28-29, HS38)",Bdp International Airport,486.5K,108,1.4% market share | 4 shipments
,,,,,
HS_CODES,"Chemicals (HS28-29, HS38)",HS29,16.55M,,"46.0% of tonnage | 5,365.0 shipments"
HS_CODES,"Chemicals (HS28-29, HS38)",HS38,11.62M,,"32.3% of tonnage | 2,255.0 shipments"
HS_CODES,"Chemicals (HS28-29, HS38)",HS28,7.82M,,"21.7% of tonnage | 1,970.0 shipments"
,,,,,
ORIGIN_COUNTRIES,"Chemicals (HS28-29, HS38)",Netherlands,8.18M,53,22.7% of tonnage | 647 shipments
ORIGIN_COUNTRIES,"Chemicals (HS28-29, HS38)",Mexico,4.60M,50,12.8% of tonnage | 462 shipments
ORIGIN_COUNTRIES,"Chemicals (HS28-29, HS38)",Chile,3.94M,17,10.9% of tonnage | 156 shipments
ORIGIN_COUNTRIES,"Chemicals (HS28-29, HS38)",Belgium,1.90M,10,5.3% of tonnage | 657 shipments
ORIGIN_COUNTRIES,"Chemicals (HS28-29, HS38)",Trinidad and Tobago,1.57M,76,4.4% of tonnage | 206 shipments
ORIGIN_COUNTRIES,"Chemicals (HS28-29, HS38)",South Korea,1.41M,70,3.9% of tonnage | 848 shipments
ORIGIN_COUNTRIES,"Chemicals (HS28-29, HS38)",Brazil,1.25M,12,3.5% of tonnage | 244 shipments
ORIGIN_COUNTRIES,"Chemicals (HS28-29, HS38)",Spain,1.09M,71,3.0% of tonnage | 223 shipments
ORIGIN_COUNTRIES,"Chemicals (HS28-29, HS38)",Canada,1.02M,15,2.8% of tonnage | 237 shipments
ORIGIN_COUNTRIES,"Chemicals (HS28-29, HS38)",Taiwan,938.8K,74,2.6% of tonnage | 202 shipments
,,,,,
VESSEL_TYPES,"Chemicals (HS28-29, HS38)",Tanker,23.01M,,"63.9% of tonnage | 3,821 shipments"
VESSEL_TYPES,"Chemicals (HS28-29, HS38)",Bulk Carrier,8.21M,,"22.8% of tonnage | 2,420 shipments"
VESSEL_TYPES,"Chemicals (HS28-29, HS38)",LPG/LNG Carrier,833.3K,,2.3% of tonnage | 126 shipments
VESSEL_TYPES,"Chemicals (HS28-29, HS38)",General Cargo,757.1K,,2.1% of tonnage | 212 shipments
VESSEL_TYPES,"Chemicals (HS28-29, HS38)",RoRo,177.1K,,0.5% of tonnage | 395 shipments
VESSEL_TYPES,"Chemicals (HS28-29, HS38)",Container,35.4K,,0.1% of tonnage | 81 shipments
VESSEL_TYPES,"Chemicals (HS28-29, HS38)",Reefer,1.3K,,0.0% of tonnage | 48 shipments
,,,,,
,,,,,
OVERVIEW,"Aggregates & Stone (HS25, HS68)",Total Records,"4,602",,
OVERVIEW,"Aggregates & Stone (HS25, HS68)",Total Tonnage,83.05M,,"83,054,336 metric tons"
OVERVIEW,"Aggregates & Stone (HS25, HS68)",Total Value,"$54,881,883,927",,
OVERVIEW,"Aggregates & Stone (HS25, HS68)",Unique Origins,227,,
OVERVIEW,"Aggregates & Stone (HS25, HS68)",Unique Destinations,94,,
,,,,,
TRADE_LANES,"Aggregates & Stone (HS25, HS68)",Sepetiba Bay -> The Port of Brownsville,4.01M,562,"82 shipments | $2,348,201,000"
TRADE_LANES,"Aggregates & Stone (HS25, HS68)",All Other Turkey Black Sea and Sea of Marmara Port -> Houston,1.87M,138,"45 shipments | $298,649,340"
TRADE_LANES,"Aggregates & Stone (HS25, HS68)",All Other Canada Pacific Region Ports -> Port of Redwood City,1.76M,53,"53 shipments | $59,307,000"
TRADE_LANES,"Aggregates & Stone (HS25, HS68)",All Other Canada Pacific Region Ports -> Port of Long Beach,1.58M,52,"26 shipments | $65,136,003"
TRADE_LANES,"Aggregates & Stone (HS25, HS68)",Auld's Cove -> Tampa,1.45M,215,"26 shipments | $1,154,577,000"
TRADE_LANES,"Aggregates & Stone (HS25, HS68)",All Other Viet Nam Ports -> Port of Stockton,1.39M,181,"47 shipments | $137,926,600"
TRADE_LANES,"Aggregates & Stone (HS25, HS68)",Goderich -> THE PORT OF MILWAUKEE,1.31M,371,"92 shipments | $42,678,340"
TRADE_LANES,"Aggregates & Stone (HS25, HS68)",All Other Turkey Mediterranean Region Ports -> Houston,1.23M,155,"34 shipments | $118,701,000"
TRADE_LANES,"Aggregates & Stone (HS25, HS68)",Ad Dammam -> Houston,1.20M,2,"27 shipments | $121,651,000"
TRADE_LANES,"Aggregates & Stone (HS25, HS68)",Auld's Cove -> Port Manatee,1.16M,213,"23 shipments | $901,865,000"
,,,,,
TOP_SHIPPERS,"Aggregates & Stone (HS25, HS68)",Martin Marietta,5.31M,223,6.4% market share | 105 shipments
TOP_SHIPPERS,"Aggregates & Stone (HS25, HS68)",Orca Sand And Gravel Ltd.,5.29M,256,6.4% market share | 180 shipments
TOP_SHIPPERS,"Aggregates & Stone (HS25, HS68)",Ternium,4.06M,335,4.9% market share | 83 shipments
TOP_SHIPPERS,"Aggregates & Stone (HS25, HS68)",Bahama Rock Ltd.,3.58M,36,4.3% market share | 99 shipments
TOP_SHIPPERS,"Aggregates & Stone (HS25, HS68)",Compass Minerals Canada,3.56M,72,4.3% market share | 215 shipments
TOP_SHIPPERS,"Aggregates & Stone (HS25, HS68)",Emirates Aluminium (EGA),3.45M,105,4.2% market share | 168 shipments
TOP_SHIPPERS,"Aggregates & Stone (HS25, HS68)",Medcem Global Pazarlama A.S.,2.27M,225,2.7% market share | 67 shipments
TOP_SHIPPERS,"Aggregates & Stone (HS25, HS68)",Grupo Minero Del Mar De Cortes,2.10M,134,2.5% market share | 77 shipments
TOP_SHIPPERS,"Aggregates & Stone (HS25, HS68)",Arcelormittal Brasil S.A.,2.00M,25,2.4% market share | 72 shipments
TOP_SHIPPERS,"Aggregates & Stone (HS25, HS68)",Compania Minera,1.88M,70,2.3% market share | 35 shipments
,,,,,
TOP_CONSIGNEES,"Aggregates & Stone (HS25, HS68)",Martin Marietta,8.48M,292,10.2% market share | 190 shipments
TOP_CONSIGNEES,"Aggregates & Stone (HS25, HS68)",Emirates Aluminium (EGA),6.42M,165,7.7% market share | 235 shipments
TOP_CONSIGNEES,"Aggregates & Stone (HS25, HS68)",Ternium,4.80M,444,5.8% market share | 105 shipments
TOP_CONSIGNEES,"Aggregates & Stone (HS25, HS68)",Compass Minerals America,3.29M,123,4.0% market share | 197 shipments
TOP_CONSIGNEES,"Aggregates & Stone (HS25, HS68)",Vulcan Materials,3.11M,483,3.8% market share | 65 shipments
TOP_CONSIGNEES,"Aggregates & Stone (HS25, HS68)",Cemex Construction Materials,2.36M,96,2.8% market share | 134 shipments
TOP_CONSIGNEES,"Aggregates & Stone (HS25, HS68)",Glacier Northwest Inc.,2.08M,193,2.5% market share | 79 shipments
TOP_CONSIGNEES,"Aggregates & Stone (HS25, HS68)",Houston Cement Co.,2.05M,226,2.5% market share | 44 shipments
TOP_CONSIGNEES,"Aggregates & Stone (HS25, HS68)",Sesco Cement Corp.,1.88M,402,2.3% market share | 101 shipments
TOP_CONSIGNEES,"Aggregates & Stone (HS25, HS68)",Mosaic,1.73M,313,2.1% market share | 29 shipments
,,,,,
HS_CODES,"Aggregates & Stone (HS25, HS68)",HS68,44.15M,,"53.2% of tonnage | 2,190.0 shipments"
HS_CODES,"Aggregates & Stone (HS25, HS68)",HS25,38.90M,,"46.8% of tonnage | 2,412.0 shipments"
,,,,,
ORIGIN_COUNTRIES,"Aggregates & Stone (HS25, HS68)",Canada,29.28M,9,"35.3% of tonnage | 1,544 shipments"
ORIGIN_COUNTRIES,"Aggregates & Stone (HS25, HS68)",Turkey,8.88M,54,10.7% of tonnage | 347 shipments
ORIGIN_COUNTRIES,"Aggregates & Stone (HS25, HS68)",Brazil,8.45M,7,10.2% of tonnage | 278 shipments
ORIGIN_COUNTRIES,"Aggregates & Stone (HS25, HS68)",Vietnam,5.28M,58,6.4% of tonnage | 201 shipments
ORIGIN_COUNTRIES,"Aggregates & Stone (HS25, HS68)",Mexico,4.78M,35,5.8% of tonnage | 334 shipments
ORIGIN_COUNTRIES,"Aggregates & Stone (HS25, HS68)",Bahamas,3.68M,4,4.4% of tonnage | 174 shipments
ORIGIN_COUNTRIES,"Aggregates & Stone (HS25, HS68)",Spain,3.64M,52,4.4% of tonnage | 117 shipments
ORIGIN_COUNTRIES,"Aggregates & Stone (HS25, HS68)",Honduras,2.89M,25,3.5% of tonnage | 56 shipments
ORIGIN_COUNTRIES,"Aggregates & Stone (HS25, HS68)",Egypt,2.11M,18,2.5% of tonnage | 126 shipments
ORIGIN_COUNTRIES,"Aggregates & Stone (HS25, HS68)",Peru,1.67M,46,2.0% of tonnage | 31 shipments
,,,,,
VESSEL_TYPES,"Aggregates & Stone (HS25, HS68)",Bulk Carrier,53.34M,,"64.2% of tonnage | 2,232 shipments"
VESSEL_TYPES,"Aggregates & Stone (HS25, HS68)",General Cargo,2.79M,,3.4% of tonnage | 263 shipments
VESSEL_TYPES,"Aggregates & Stone (HS25, HS68)",Tanker,320.6K,,0.4% of tonnage | 34 shipments
VESSEL_TYPES,"Aggregates & Stone (HS25, HS68)",RoRo,213.2K,,0.3% of tonnage | 161 shipments
VESSEL_TYPES,"Aggregates & Stone (HS25, HS68)",LPG/LNG Carrier,95.0K,,0.1% of tonnage | 5 shipments
VESSEL_TYPES,"Aggregates & Stone (HS25, HS68)",Container,979.9,,0.0% of tonnage | 18 shipments
VESSEL_TYPES,"Aggregates & Stone (HS25, HS68)",Reefer,0.1,,0.0% of tonnage | 1 shipments
,,,,,
,,,,,
