Entity,Roles,Role_Count,As_Shipper_Tons,As_Consignee_Tons,As_Notify_Party_Tons,Total_Tons
Chevron,Shipper+Consignee+Notify_Party,3,28006104.540000003,56791997.379999995,48973768.730000004,133771870.65
Valero,Shipper+Consignee+Notify_Party,3,11070498.370000001,43375095.33,51680822.0,106126415.7
PMI Trading,Shipper+Consignee+Notify_Party,3,40848649.69,6978565.74,5389929.350000001,53217144.78
Irving Oil,Shipper+Consignee+Notify_Party,3,18945928.939999998,18220174.78,486444.04,37652547.76
PBF Energy,Shipper+Consignee+Notify_Party,3,8153373.3100000005,17640898.18,11497017.170000002,37291288.660000004
ExxonMobil,Shipper+Consignee+Notify_Party,3,9563714.25,15746437.86,11003283.87,36313435.98
Marathon Petroleum,Shipper+Consignee+Notify_Party,3,1149797.63,17602242.250000004,12388101.260000002,31140141.140000004
Emirates Aluminium (EGA),Shipper+Consignee+Notify_Party,3,9379131.94,15226359.72,665502.8,25270994.46
Ternium,Shipper+Consignee+Notify_Party,3,6259517.0,8372261.75,8185547.57,22817326.32
Ecopetrol,Shipper+Consignee+Notify_Party,3,11932934.370000001,8441056.29,1326812.31,21700802.97
ArcelorMittal,Shipper+Consignee+Notify_Party,3,8481644.36,6770919.84,2076418.8599999999,17328983.06
State Oil Marketing Company (SOMO),Shipper+Notify_Party,2,15507624.02,0.0,63.0,15507687.02
Motiva Enterprises,Consignee+Notify_Party,2,0.0,474163.4300000001,14807532.99,15281696.42
Trafigura,Shipper+Consignee+Notify_Party,3,9981441.06,4734765.66,82129.78,14798336.5
Monroe Energy,Shipper+Consignee+Notify_Party,3,1106322.72,5483735.35,7909919.49,14499977.559999999
Citgo,Shipper+Consignee+Notify_Party,3,503859.25,5037822.34,8279002.78,13820684.370000001
Celanese,Shipper+Consignee+Notify_Party,3,4588390.66,4592361.840000001,4590322.840000001,13771075.34
Martin Marietta,Shipper+Consignee,2,5216170.0,8481079.17,0.0,13697249.17
Houston Refining,Consignee+Notify_Party,2,0.0,3127074.85,8640165.01,11767239.86
Eucatex,Shipper+Consignee+Notify_Party,3,3580055.56,3579905.34,3579905.34,10739866.24
Cemex,Shipper+Consignee+Notify_Party,3,2359928.8499999996,4012556.05,3642398.84,10014883.739999998
Mosaic,Consignee+Notify_Party,2,0.0,5144476.47,4823668.470000001,9968144.940000001
Sudati,Shipper+Consignee+Notify_Party,3,3436461.58,2952281.92,2952281.92,9341025.42
BP,Shipper+Consignee+Notify_Party,3,1309202.6800000002,4604036.609999999,3313744.5300000003,9226983.82
Compass Minerals,Shipper+Consignee+Notify_Party,3,3591416.1500000004,3348505.0300000003,1989397.1,8929318.280000001
Suncor Energy,Shipper+Consignee+Notify_Party,3,4586577.8100000005,3375965.2300000004,214487.22000000003,8177030.260000001
Atalco Gramercy,Consignee+Notify_Party,2,0.0,3975558.0,3975558.0,7951116.0
Paulsboro Refining,Consignee+Notify_Party,2,0.0,81195.0,7483805.46,7565000.46
Morton Salt,Consignee+Notify_Party,2,0.0,4589922.01,2807481.1,7397403.109999999
PAR Hawaii Refining,Shipper+Consignee+Notify_Party,3,466529.52999999997,3093855.41,3463821.88,7024206.82
Shell,Shipper+Consignee+Notify_Party,3,3604070.66,2580843.78,520994.62,6705909.06
Vulcan Materials,Consignee+Notify_Party,2,0.0,3310588.83,3292577.4899999998,6603166.32
Vitol,Shipper+Consignee+Notify_Party,3,1386919.38,3562739.63,1138674.31,6088333.32
Glacier Northwest,Consignee+Notify_Party,2,0.0,3154199.74,2854447.74,6008647.48
Delaware City Refining,Consignee+Notify_Party,2,0.0,164607.19999999998,5709383.41,5873990.61
Aramco Americas,Shipper+Consignee+Notify_Party,3,2824346.38,2737177.08,122062.3,5683585.76
Orca Sand and Gravel,Shipper+Consignee,2,5586144.21,58000.0,0.0,5644144.21
Petrobras,Shipper+Consignee+Notify_Party,3,4575401.9399999995,879983.4099999999,36502.28,5491887.63
Idemitsu Apollo,Shipper+Consignee+Notify_Party,3,298959.29,3266281.12,1722446.3399999999,5287686.75
Puerto Rico Energy,Consignee+Notify_Party,2,0.0,2542966.2800000003,2591318.38,5134284.66
Nucor Steel,Consignee+Notify_Party,2,0.0,2212162.21,2087967.85,4300130.0600000005
Blue Water Industries,Consignee+Notify_Party,2,0.0,1809300.0,1809300.0,3618600.0
Interpipe,Shipper+Consignee,2,3372823.72,8529.7,0.0,3381353.4200000004
Green Worldwide Shipping,Consignee+Notify_Party,2,0.0,10.56,3373483.63,3373494.19
Reliance Industries,Shipper+Consignee+Notify_Party,3,3215037.3600000003,115122.0,27867.0,3358026.3600000003
Carib Lpg Trading Ltd.,Shipper+Consignee,2,1300386.9200000002,1300385.22,0.0,2600772.14
Lafarge North America,Shipper+Consignee,2,2067435.8300000003,515848.51,0.0,2583284.3400000003
Drummond,Shipper+Consignee+Notify_Party,3,2468800.0,77035.0,2.9499999999999997,2545837.95
Aes Puerto Rico Lp,Shipper+Consignee,2,77000.0,2468800.0,0.0,2545800.0
Abu Dhabi National Oil Company,Shipper+Consignee,2,2426449.73,90604.0,0.0,2517053.73
Totsa Totalenergies Trading Sa,Shipper+Consignee,2,2072616.9600000002,440952.37,0.0,2513569.33
Novum Energy Trading Corp.,Shipper+Consignee,2,2110039.45,343724.01,0.0,2453763.46
Gunvor Group,Shipper+Consignee,2,1905132.7799999998,267177.12,0.0,2172309.9
Toyota Motor Corporation,Shipper+Consignee,2,2125681.54,531.37,0.0,2126212.91
St. Mary's Cement Corp.,Shipper+Consignee,2,1917539.82,174377.49,0.0,2091917.31
Diamond Green Diesel Llc,Shipper+Consignee,2,102551.7,1781950.7000000002,0.0,1884502.4000000001
Nuh Cimento Sanayi A.S.,Shipper+Consignee,2,1733248.38,95021.0,0.0,1828269.38
Ergon Oil Purchasing Inc.,Shipper+Consignee,2,822734.24,976432.73,0.0,1799166.97
Equinor Marketing And Trading Us,Shipper+Consignee,2,522573.38999999996,1132652.18,0.0,1655225.5699999998
Posco,Shipper+Consignee,2,1595483.55,18796.92,0.0,1614280.47
Equinor Asa,Shipper+Consignee,2,1518835.99,6289.0,0.0,1525124.99
Biehl & Co,Shipper+Consignee+Notify_Party,3,100.11999999999999,255133.84,1215136.28,1470370.24
Ontario Trap Rock,Shipper+Consignee,2,1448191.9,5387.0,0.0,1453578.9
Freepoint Commodities,Shipper+Consignee,2,58477.46,1369466.1300000001,0.0,1427943.59
Unipec America,Shipper+Consignee,2,545345.22,870794.63,0.0,1416139.85
Aramco Trading Fujairah,Shipper+Consignee,2,1053761.54,327051.0,0.0,1380812.54
Bp Oil International Ltd.,Shipper+Consignee,2,803565.0300000001,551675.1799999999,0.0,1355240.21
Vale,Shipper+Consignee+Notify_Party,3,1029010.04,160821.66999999998,157188.87,1347020.58
Sonatrach,Shipper+Consignee,2,1208028.1600000001,108102.62,0.0,1316130.7800000003
Marathon International Product,Shipper+Consignee,2,899198.78,409431.20999999996,0.0,1308629.99
Gunvor Usa,Shipper+Consignee,2,141252.76,1115728.3,0.0,1256981.06
"Sk Energy Co., Ltd.",Shipper+Consignee,2,1070369.83,158653.47999999998,0.0,1229023.31
Petrochina International America,Shipper+Consignee,2,923560.6399999999,273885.14,0.0,1197445.7799999998
General Motors Corp.,Shipper+Consignee,2,166.0,1175567.87,0.0,1175733.87
Mazda Motor Corporation,Shipper+Consignee,2,1153372.08,14.600000000000001,0.0,1153386.6800000002
Galtrade Ltd.,Shipper+Consignee,2,1016388.54,100372.76000000001,0.0,1116761.3
The Dow Chemical Co.,Shipper+Consignee,2,937080.2000000001,170842.90000000002,0.0,1107923.1
Eni Trade & Biofuels Sp A,Shipper+Consignee,2,73920.73,1011477.0,0.0,1085397.73
Sunoco Llc,Shipper+Consignee,2,157588.12,918284.1600000001,0.0,1075872.2800000003
Archer Daniels Midland Co.,Shipper+Consignee,2,314.26,1059811.87,0.0,1060126.1300000001
Geogas Trading Sa,Shipper+Consignee,2,969580.0,58126.0,0.0,1027706.0
Hartree Partners Lp,Shipper+Consignee,2,221371.68,763283.34,0.0,984655.02
Asociacion De Azucareros De,Shipper+Consignee,2,942866.1,35000.0,0.0,977866.1
Mercedes Benz Usa Llc,Shipper+Consignee,2,3.9,951046.3399999999,0.0,951050.2399999999
North Coast Commodities Dmcc,Shipper+Consignee,2,731352.2,204742.0,0.0,936094.2
Ukt Chicago Inc.,Shipper+Consignee,2,32000.0,898637.1299999999,0.0,930637.1299999999
"Total Energies Trading Asia Pte., Ltd.",Shipper+Consignee,2,173716.31,753242.16,0.0,926958.47
Heidelberg Materials,Shipper+Consignee,2,501200.0,411200.0,0.0,912400.0
Sabic Americas,Shipper+Consignee,2,41300.0,834100.89,0.0,875400.89
Tartan Oil Llc,Shipper+Consignee,2,345132.71,520775.01,0.0,865907.72
Socar Trading North America,Shipper+Consignee,2,698880.9299999999,160966.0,0.0,859846.9299999999
Global Companies Llc,Shipper+Consignee,2,63559.26,778506.98,0.0,842066.24
"Gmb Korea Industries Co., Ltd.",Shipper+Consignee,2,828759.53,79.06,0.0,828838.5900000001
Tengizchevroil,Shipper+Consignee,2,775545.2,46231.36,0.0,821776.5599999999
Ampol Us Trading Llc,Shipper+Consignee,2,424284.76000000007,395612.7,0.0,819897.4600000001
Cepsa Trading Sau,Shipper+Consignee,2,111131.09,693795.1,0.0,804926.19
Equinor Marketing & Trading,Shipper+Consignee,2,219816.0,568820.06,0.0,788636.06
Kia Motors America Inc.,Shipper+Consignee,2,8.04,763368.38,0.0,763376.42
Stemcor London Ltd.,Shipper+Consignee,2,587710.0,168934.0,0.0,756644.0
Glencore Energy Uk Ltd.,Shipper+Consignee,2,693434.4600000001,43644.0,0.0,737078.4600000001
Stemcor Usa Inc.,Shipper+Consignee,2,352288.0,376237.14,0.0,728525.14
"Emprada Mines And Minerals Pvt., Ltd.",Shipper+Consignee,2,630243.0,78915.0,0.0,709158.0
Shell International Trading Middle,Shipper+Consignee,2,658676.92,21702.6,0.0,680379.52
"Brb Singapore Pte., Ltd.",Shipper+Consignee,2,193760.73,480602.0,0.0,674362.73
Surface Deployment And Distribution,Shipper+Consignee,2,316268.85,357587.42000000004,0.0,673856.27
"Meglobal Eg Singapore Pte., Ltd.",Shipper+Consignee,2,322562.12,322562.12,0.0,645124.24
Hyundai Steel Co.,Shipper+Consignee,2,626087.27,18397.829999999998,0.0,644485.1
Equinor Marketing & Trad Us Inc.,Shipper+Consignee,2,132951.03,507956.35000000003,0.0,640907.38
Sca Logistics Ab,Shipper+Consignee,2,306098.77,322489.43,0.0,628588.2
"Petrochina International Co., Ltd.",Shipper+Consignee,2,587152.0599999999,29070.0,0.0,616222.0599999999
Gardau Metaldom Sa,Shipper+Consignee,2,310846.88000000006,295780.0,0.0,606626.8800000001
Oq Trading Ltd.,Shipper+Consignee,2,554472.13,49301.79,0.0,603773.92
Posco Mexico S.A. De C.V.,Shipper+Consignee,2,167148.74,427875.65,0.0,595024.39
Repsol Trading Sa,Shipper+Consignee,2,11861.0,574421.19,0.0,586282.19
Ocp Nutricrops S.A.,Shipper+Consignee,2,547120.4,20700.0,0.0,567820.4
Raizen Energia S A,Shipper+Consignee,2,367966.13999999996,177422.0,0.0,545388.1399999999
Reliance International Ltd.,Shipper+Consignee,2,87903.1,451771.89999999997,0.0,539675.0
Mercedes Benz,Shipper+Consignee,2,530957.64,5575.08,0.0,536532.72
Marathon Petroluem,Shipper+Consignee,2,114.42,517635.76,0.0,517750.18
Pt Sumber Indah Perkasa,Shipper+Consignee,2,268555.45,242558.65000000002,0.0,511114.10000000003
George E Warren Corp,Shipper+Consignee,2,22004.68,480321.87,0.0,502326.55
Novum Energy,Shipper+Consignee,2,64085.16,435779.59,0.0,499864.75
Imperial Oil Ltd.,Shipper+Consignee,2,487916.54000000004,10800.0,0.0,498716.54000000004
General Motors Overseas Distributio,Shipper+Consignee,2,285480.58,212708.24,0.0,498188.82
Scl Rotterdam,Shipper+Consignee,2,379773.95999999996,114867.71,0.0,494641.67
Agroindustrias Del Balsas Sa De Cv,Shipper+Consignee,2,476124.0800000001,9000.0,0.0,485124.0800000001
Xiamen C And D Commodity Trading,Shipper+Consignee,2,339660.99000000005,144530.0,0.0,484190.99000000005
Adnoc Trading Ltd.,Shipper+Consignee,2,46794.0,426136.0,0.0,472930.0
Mitsubishi Corporation,Shipper+Consignee,2,391590.75,76551.0,0.0,468141.75
Aramco Trading Ltd.,Shipper+Consignee,2,376242.06,86553.86,0.0,462795.92
Jaguar Land Rover Ltd.,Shipper+Consignee,2,457489.12999999995,569.08,0.0,458058.20999999996
"Aramco Trading Singapore Pte., Ltd.",Shipper+Consignee,2,238414.71,210242.0,0.0,448656.70999999996
Binderholz Timber Inc.,Shipper+Consignee,2,7439.540000000001,426471.12,0.0,433910.66
Ups Supply Chain Solutions,Shipper+Consignee,2,14174.1,388630.06,0.0,402804.16
Fca Us Llc,Shipper+Consignee,2,378985.19,10088.94,0.0,389074.13
Pt Ivo Mas Tunggal,Shipper+Consignee,2,222245.12,157034.16999999998,0.0,379279.29
Fca Usa ( Low Sulphur Surcharge),Shipper+Consignee,2,2377.88,375925.35,0.0,378303.23
Gimpex Ltd.,Shipper+Consignee,2,259418.0,116410.0,0.0,375828.0
Fertistream Dmcc,Shipper+Consignee,2,5007.75,370348.15,0.0,375355.9
Tubos De Acero De Mexico S.A.,Shipper+Consignee,2,338608.6,34223.72,0.0,372832.31999999995
North East Offshore Llc Delaware,Shipper+Consignee,2,516.0,361571.7,0.0,362087.7
Idemitsu International (Asia) Pte,Shipper+Consignee,2,175821.46,176294.0,0.0,352115.45999999996
Petrorio Luxembourg Holding Sari,Shipper+Consignee,2,140949.28,205342.47000000003,0.0,346291.75
Anshan Zizhu International Trading,Shipper+Consignee,2,336246.32999999996,833.12,0.0,337079.44999999995
"Nexteel Co., Ltd.",Shipper+Consignee,2,251295.34999999998,80537.96,0.0,331833.31
Repsol Petroleo,Shipper+Consignee,2,219642.75,111886.0,0.0,331528.75
Rio Tinto Alcan Inc.,Shipper+Consignee,2,283214.74,44000.0,0.0,327214.74
Volkswagen De Mexico S.A. De C.V.,Shipper+Consignee,2,109599.87999999999,201813.15000000002,0.0,311413.03
Royal Caribbean Cruise,Shipper+Consignee,2,174081.05000000002,117406.43000000002,0.0,291487.48000000004
Pt Sari Dumai Sejati,Shipper+Consignee,2,187737.37999999998,103159.29000000001,0.0,290896.67
Grey Rock Gathering & Marketing Ll,Shipper+Consignee,2,269473.18,19984.0,0.0,289457.18
Binderholz Oberrot Baruth Gmb H,Shipper+Consignee,2,275173.89,1313.77,0.0,276487.66000000003
Cepsa,Shipper+Consignee,2,128499.0,141945.44,0.0,270444.44
Ton Dong A Corp.,Shipper+Consignee,2,227100.03,38184.619999999995,0.0,265284.65
Bayerische Motoren Werke Ag,Shipper+Consignee,2,192648.68,70471.91999999998,0.0,263120.6
Audi Ag,Shipper+Consignee,2,73263.28,189218.45,0.0,262481.73
"Hyundai Steel Pipe Co., Ltd.",Shipper+Consignee,2,255359.41,5948.65,0.0,261308.06
Hoa Sen Group,Shipper+Consignee,2,249170.69999999998,10863.17,0.0,260033.87
Corporacion Nacional Del Cobre De Chile,Shipper+Consignee,2,249838.83999999997,7013.62,0.0,256852.45999999996
"Dongkuk Coated Metal Co., Ltd.",Shipper+Consignee,2,255611.25,509.7,0.0,256120.95
Pt Intibenua Perkasatama,Shipper+Consignee,2,243107.12,10496.45,0.0,253603.57
Teck Coal Ltd.,Shipper+Consignee,2,206000.0,37305.0,0.0,243305.0
Pt Sinar Mas Agro Resources An,Shipper+Consignee,2,179524.33000000002,55893.89,0.0,235418.22000000003
Tengizchevroil Llp,Shipper+Consignee,2,140169.36,93938.0,0.0,234107.36
"Uti Worldwide (Singapore) Pte., Ltd.",Shipper+Consignee,2,176554.14,49246.26,0.0,225800.40000000002
Penny Newman Grain Co.,Shipper+Consignee,2,85374.0,136162.56999999998,0.0,221536.56999999998
Peerless Oil & Chemicals Inc.,Shipper+Consignee,2,7.26,218853.52,0.0,218860.78
Adm Agri Industries Co.,Shipper+Consignee,2,215957.86999999997,99.85,0.0,216057.71999999997
Globe Coco Products Mfg.,Shipper+Consignee,2,106005.14,106005.14,0.0,212010.28
Vallourec Deutschland Gmb H,Shipper+Consignee,2,104307.14,104307.14,0.0,208614.28
Campa Iberia,Shipper+Consignee,2,202860.06,4002.24,0.0,206862.3
Aramco Trading,Shipper+Consignee,2,47792.0,154685.18,0.0,202477.18
Bp North America Petroleum,Shipper+Consignee,2,33710.0,167554.0,0.0,201264.0
Mauser Usa Llc,Shipper+Consignee,2,95628.5,97615.78,0.0,193244.28
Komatsu Ltd.,Shipper+Consignee,2,180157.19,11053.4,0.0,191210.59
Pt . Pacrim Nusantara Lestari Foods,Shipper+Consignee,2,180797.6,8400.0,0.0,189197.6
"Yieh Phui Enterprise Co., Ltd.",Shipper+Consignee,2,186854.1,1626.1000000000001,0.0,188480.2
Volkswagen Ag,Shipper+Consignee,2,70393.65,114446.37000000001,0.0,184840.02000000002
Hengyi Industries Sdn Bhd,Shipper+Consignee,2,169018.0,15728.0,0.0,184746.0
Parrish & Heimbecker Ltd.,Shipper+Consignee,2,154227.91999999998,29954.45,0.0,184182.37
Davao Bay Coconut Oil Mills Inc.,Shipper+Consignee,2,96789.43000000001,86549.98,0.0,183339.41
Mercedes Benz Mexico,Shipper+Consignee,2,149366.37,31089.87,0.0,180456.24
"Neste Singapore Pte., Ltd.",Shipper+Consignee,2,167363.06,10000.02,0.0,177363.08
Pt Pacrim Nusantara,Shipper+Consignee,2,63948.0,110948.0,0.0,174896.0
Count Energy Trading Americas Llc,Shipper+Consignee,2,22313.4,150791.91,0.0,173105.31
Delta Western Inc.,Shipper+Consignee,2,22372.5,149316.40000000002,0.0,171688.90000000002
M T Chem Cobalt,Shipper+Consignee,2,170003.9,3.9000000000000004,0.0,170007.8
Aramco Trading Fujairah Fze,Shipper+Consignee,2,118027.0,51073.0,0.0,169100.0
Rio Energy International,Shipper+Consignee,2,58155.82000000001,106103.41,0.0,164259.23
Gunvor Sa,Shipper+Consignee,2,67942.0,93959.84,0.0,161901.84
"Paria Fuel Trading Co., Ltd.",Shipper+Consignee,2,154696.6,4149.0,0.0,158845.6
Shell International,Shipper+Consignee,2,107217.26,49444.0,0.0,156661.26
Bmw De Mexico S.A. De C.V.,Shipper+Consignee,2,118149.45999999999,37439.44,0.0,155588.9
Sucden Do Brasil Ltda,Shipper+Consignee,2,116208.62,37678.0,0.0,153886.62
Ton Yi Industries Corp.,Shipper+Consignee,2,137888.57,14424.240000000002,0.0,152312.81
Marathon Oil Co.,Shipper+Consignee,2,73868.0,78382.7,0.0,152250.7
Copersucar S.A.,Shipper+Consignee,2,80000.0,70000.0,0.0,150000.0
Azule Energy Angola Sp A .,Shipper+Consignee,2,148235.8,747.2400000000001,0.0,148983.03999999998
Kuehne And Nagel Inc.,Shipper+Consignee,2,317.53999999999996,147778.55,0.0,148096.09
Global Oil Terminals Llc,Shipper+Consignee,2,28158.0,119545.0,0.0,147703.0
Merichem Co.,Shipper+Consignee,2,71964.64,72230.56,0.0,144195.2
Corporacion De Desarrollo Agricola,Shipper+Consignee,2,142445.97,1264.66,0.0,143710.63
"Prosperity Tieh Enterprise Co., Ltd.",Shipper+Consignee,2,139956.78,230.06,0.0,140186.84
Scan Global Logistics,Shipper+Consignee,2,70006.0,70076.78000000001,0.0,140082.78000000003
"C&D Logistics (Shanghai) Co., Ltd.",Shipper+Consignee,2,102120.40999999999,34527.1,0.0,136647.50999999998
Viterra Polska Sp.Z.O.O.,Shipper+Consignee,2,68213.93000000001,68213.93000000001,0.0,136427.86000000002
Natixis Paris,Shipper+Consignee,2,133503.12,1502.6399999999999,0.0,135005.76
Amarus International Pte,Shipper+Consignee,2,107716.64,26327.639999999996,0.0,134044.28
Sohar Steel Llc,Shipper+Consignee,2,87811.29999999999,43335.0,0.0,131146.3
General Mills Corp. Ltd.,Shipper+Consignee,2,79916.0,50004.0,0.0,129920.0
Consorcio Azucarero De Empresas,Shipper+Consignee,2,121666.0,6333.0,0.0,127999.0
Rta Holdco Australia 5 (Pty) ) Ltd.,Shipper+Consignee,2,63000.0,63000.0,0.0,126000.0
Wilmar Edible Oils Philippines Inc.,Shipper+Consignee,2,95093.40999999997,30603.35,0.0,125696.75999999998
"Shin Yang Steel Co., Ltd.",Shipper+Consignee,2,84165.27,39320.49,0.0,123485.76000000001
Marubeni Itochu Steel Inc.,Shipper+Consignee,2,113229.37999999999,5132.18,0.0,118361.56
Nissan Mexicana S.A. De C.V.,Shipper+Consignee,2,91355.52,26596.2,0.0,117951.72
Gs Global Corp.,Shipper+Consignee,2,115917.47999999998,747.5,0.0,116664.97999999998
Hitachi Construction Machinery,Shipper+Consignee,2,99176.89,16141.07,0.0,115317.95999999999
Raizen Centro Sul Sa,Shipper+Consignee,2,82549.1,32576.0,0.0,115125.1
Bracell Sp Celulose Ltda,Shipper+Consignee,2,107636.0,5100.0,0.0,112736.0
Lotte Chemical Corp.,Shipper+Consignee,2,109814.15999999999,2002.0,0.0,111816.15999999999
Maruichi Sun Steel Jsc,Shipper+Consignee,2,107947.23999999999,3153.540000000001,0.0,111100.78
Unipec Canada Ltd.,Shipper+Consignee,2,51911.0,58400.64,0.0,110311.64
Bb Energy Usa Llc,Shipper+Consignee,2,74532.0,33959.57,0.0,108491.57
China Steel Corporation,Shipper+Consignee,2,106162.15999999999,2140.34,0.0,108302.49999999999
Mondi Paper Sales Gmb H,Shipper+Consignee,2,64101.270000000004,41462.119999999995,0.0,105563.39
Deme Offshore Us Llc,Shipper+Consignee,2,0.05,104056.96,0.0,104057.01000000001
Tacloban Oil Mills Inc.,Shipper+Consignee,2,52000.82,52000.82,0.0,104001.64
Pt Smart Tbk,Shipper+Consignee,2,51851.909999999996,51851.909999999996,0.0,103703.81999999999
"Sumitomo Forestry Co., Ltd.",Shipper+Consignee,2,51764.39999999999,51764.39999999999,0.0,103528.79999999997
Hyundai Construction Equipment Americas Inc.,Shipper+Consignee,2,125.2,101753.85,0.0,101879.05
Xiaoxian Kangdeli Grease Tech,Shipper+Consignee,2,94132.32,7286.0,0.0,101418.32
Vallourec Solucoes Tubulares Do,Shipper+Consignee,2,96541.31,3852.8600000000006,0.0,100394.17
Associated Asphalt Distribution Llc,Shipper+Consignee,2,21493.0,78265.96,0.0,99758.96
Samsung C And T Corp.,Shipper+Consignee,2,74656.58,23908.780000000002,0.0,98565.36
"Hyundai Glovis Co., Ltd.",Shipper+Consignee,2,94456.24,1191.1599999999999,0.0,95647.40000000001
Worldventure Commodities Inc.,Shipper+Consignee,2,53368.28999999999,41268.619999999995,0.0,94636.90999999999
Siemens Gamesa Renewable Energy,Shipper+Consignee,2,228.04000000000002,93995.43,0.0,94223.46999999999
Geodis Usa Inc.,Shipper+Consignee,2,69.8,91709.48000000001,0.0,91779.28000000001
Newcrest Red Chris Mining Ltd.,Shipper+Consignee,2,65908.0,22532.41,0.0,88440.41
Manuchar Nv,Shipper+Consignee,2,44507.299999999996,43501.439999999995,0.0,88008.73999999999
Vibra Trading Bv,Shipper+Consignee,2,79056.0,8791.73,0.0,87847.73
Minera Escondida Ltda,Shipper+Consignee,2,85460.52000000002,556.8,0.0,86017.32000000002
Kobelco Constr Machinery,Shipper+Consignee,2,84564.42,422.5,0.0,84986.92
"Amarus International Pte., Ltd.",Shipper+Consignee,2,57305.0,27305.0,0.0,84610.0
K+S Kali Gmb H,Shipper+Consignee,2,83471.07,15.0,0.0,83486.07
Monte Rosa,Shipper+Consignee,2,83018.32,176.5,0.0,83194.82
Tata Steel Int (Americas) Inc.,Shipper+Consignee,2,5230.0,76845.75,0.0,82075.75
Hyundai Corp. (Usa) Houston,Shipper+Consignee,2,8816.179999999998,70764.93000000001,0.0,79581.11
Hoa Phat Dung Quat Steel Jsc,Shipper+Consignee,2,76731.79000000001,2501.29,0.0,79233.08
Antilles Trading Co. Sezc,Shipper+Consignee,2,38507.0,38507.0,0.0,77014.0
Bunge Italia Sp A .,Shipper+Consignee,2,56053.72,19999.55,0.0,76053.27
Ingenio El Angel S.A. De C.V.,Shipper+Consignee,2,51801.0,22425.0,0.0,74226.0
Scan Global Logistics A S,Shipper+Consignee,2,37042.68000000001,37042.68000000001,0.0,74085.36000000002
British Steel Ltd.,Shipper+Consignee,2,72169.32,1315.6,0.0,73484.92000000001
Bredero Shaw Mexico S.A. De C.V.,Shipper+Consignee,2,2681.98,70000.02,0.0,72682.0
Carnival Cruise Lines,Shipper+Consignee,2,72568.45999999999,57.61,0.0,72626.06999999999
Tay Nam Steel,Shipper+Consignee,2,66563.41,5811.56,0.0,72374.97
Gma Garnet (Pty) ) Ltd.,Shipper+Consignee,2,57022.0,13002.0,0.0,70024.0
Wilmar Sugar Australia Trading,Shipper+Consignee,2,33600.0,33600.0,0.0,67200.0
Raizen Argentina S.A.U,Shipper+Consignee,2,38334.409999999996,27765.449999999997,0.0,66099.85999999999
Aceitera General Deheza S.A.,Shipper+Consignee,2,45545.0,20000.0,0.0,65545.0
"Posco Vietnam Co., Ltd.",Shipper+Consignee,2,63138.17,1032.67,0.0,64170.84
Viterra Argentina S.A.,Shipper+Consignee,2,43576.95,20500.0,0.0,64076.95
"Baoshan Iron & Steel Co., Ltd.",Shipper+Consignee,2,62227.92,1449.1899999999998,0.0,63677.11
Celebrity Cruises Ltd.,Shipper+Consignee,2,37533.35,25886.590000000004,0.0,63419.94
Shell Offshore Inc.,Shipper+Consignee,2,30180.3,30834.609999999997,0.0,61014.909999999996
Sca Packaging Munksund Ab,Shipper+Consignee,2,55537.10999999999,3192.8,0.0,58729.909999999996
Sk Gas Trading Llc,Shipper+Consignee,2,29254.0,29254.0,0.0,58508.0
Fca International Operations Llc,Shipper+Consignee,2,12431.46,46074.130000000005,0.0,58505.590000000004
Agco Corporation,Shipper+Consignee,2,118.7,58108.399999999994,0.0,58227.09999999999
"Histeel Co., Ltd.",Shipper+Consignee,2,46375.45999999999,10881.759999999998,0.0,57257.21999999999
Bpwood Ltd.,Shipper+Consignee,2,31576.12,25266.769999999997,0.0,56842.89
Al Ghurair Iron And Steel Llc,Shipper+Consignee,2,51624.72,5123.34,0.0,56748.06
Cargill International Trading Pte L,Shipper+Consignee,2,34426.94,22186.0,0.0,56612.94
Cremer Erzkontor N.A. Inc.,Shipper+Consignee,2,502.5,55547.8,0.0,56050.3
Punda Mercantile Inc.,Shipper+Consignee,2,28009.92,28009.92,0.0,56019.84
Fiji Sugar Corp Ltd.,Shipper+Consignee,2,27652.9,27652.9,0.0,55305.8
Bmw Slp S.A. De C.V.,Shipper+Consignee,2,54481.01999999999,688.9,0.0,55169.91999999999
Nam Kim Steel Joint,Shipper+Consignee,2,42366.0,11981.85,0.0,54347.85
Moran Shipping Agencies Inc.,Shipper+Consignee,2,1.46,53940.31,0.0,53941.77
Usina Central Olho D'agua S A,Shipper+Consignee,2,38911.84,13592.0,0.0,52503.84
American Pacific Honduras,Shipper+Consignee,2,26946.74,24736.74,0.0,51683.48
Ssab Europe Oy,Shipper+Consignee,2,51278.4,56.48,0.0,51334.880000000005
Hoa Phat Hai Duong Steel Joint,Shipper+Consignee,2,46096.45,3120.6000000000004,0.0,49217.049999999996
Pt . Pelita Agung,Shipper+Consignee,2,27900.0,20700.0,0.0,48600.0
Intl Forest Products,Shipper+Consignee,2,401.42,48160.46,0.0,48561.88
Ashdod Refinery Std,Shipper+Consignee,2,41707.34,6313.67,0.0,48021.009999999995
Eneos Corportaion,Shipper+Consignee,2,42010.56,6002.0,0.0,48012.56
Liebherr Werk Ehingen Gmb H,Shipper+Consignee,2,47186.92,11.98,0.0,47198.9
Renkert Oil Llc,Shipper+Consignee,2,4793.78,42227.920000000006,0.0,47021.700000000004
Nitron International Corporation,Shipper+Consignee,2,27982.7,18622.7,0.0,46605.4
Topco Global Ltd.,Shipper+Consignee,2,44102.66000000001,2199.56,0.0,46302.22000000001
Socar Trading Middle East Dmcc,Shipper+Consignee,2,23036.0,23036.0,0.0,46072.0
Ixm S.A.,Shipper+Consignee,2,8005.04,37979.4,0.0,45984.44
Pt Multimas Nabati,Shipper+Consignee,2,22957.839999999997,22957.839999999997,0.0,45915.67999999999
Standard Fruit Co. Costa Rica S.A.,Shipper+Consignee,2,45338.06,0.02,0.0,45338.079999999994
Chung Hung Steel Corp.,Shipper+Consignee,2,42348.850000000006,2432.8000000000006,0.0,44781.65000000001
Vineyard Wind 1 Llc,Shipper+Consignee,2,21583.32,21583.32,0.0,43166.64
Tos Celik Profil Ve Sac Endustrisi,Shipper+Consignee,2,38712.66,4438.44,0.0,43151.100000000006
Valaris Rig 75,Shipper+Consignee,2,20566.96,20727.4,0.0,41294.36
Clarendon Alumina Production Ltd.,Shipper+Consignee,2,27675.0,13500.0,0.0,41175.0
Agco International Gmb H,Shipper+Consignee,2,39597.79,8.02,0.0,39605.81
Sennebogen Llc,Shipper+Consignee,2,953.1199999999999,37527.270000000004,0.0,38480.39000000001
Skryker Fuels Llc,Shipper+Consignee,2,30461.01,7868.64,0.0,38329.65
"Ford Trading Co., Llc",Shipper+Consignee,2,17498.239999999998,20569.379999999997,0.0,38067.619999999995
Yildiz Demir Celik Sanayi A.S.,Shipper+Consignee,2,35315.76,2732.7,0.0,38048.46
Dow Europe Gmb H,Shipper+Consignee,2,30471.260000000002,7165.459999999999,0.0,37636.72
Ferroglobe Spain Metals S.A.,Shipper+Consignee,2,28872.350000000002,8138.209999999999,0.0,37010.56
Nissan North America,Shipper+Consignee,2,2550.1600000000003,34101.25,0.0,36651.41
Ingenio Tala Sa De Cv,Shipper+Consignee,2,17101.0,17101.0,0.0,34202.0
Oro Allado Commodities Inc.,Shipper+Consignee,2,16778.67,16778.67,0.0,33557.34
Oq Chemicals Gmb H,Shipper+Consignee,2,29005.32,3870.4600000000005,0.0,32875.78
Eneos Americas Inc.,Shipper+Consignee,2,1726.86,30793.690000000002,0.0,32520.550000000003
Upm Kymmene,Shipper+Consignee,2,15727.02,15727.02,0.0,31454.04
Viking Life Saving Equipment Inc.,Shipper+Consignee,2,170.73000000000002,30619.310000000005,0.0,30790.040000000005
Iluka Resources Ltd.,Shipper+Consignee,2,21112.2,9110.1,0.0,30222.300000000003
Sinarmas Cepsa Deutschland Gmb H,Shipper+Consignee,2,13578.4,16580.76,0.0,30159.159999999996
Santa Rosalia De La Chontalpa S.A.,Shipper+Consignee,2,15000.0,15000.0,0.0,30000.0
Oq Chemicals Corp.,Shipper+Consignee,2,3870.4600000000005,26045.32,0.0,29915.78
Ticona Polymers,Shipper+Consignee,2,4.11,29564.0,0.0,29568.11
Al Ghurair Resources Oils And,Shipper+Consignee,2,14369.04,14369.04,0.0,28738.08
Arvedi Tubi Acciaio Sp A,Shipper+Consignee,2,24392.02,3342.0,0.0,27734.02
Ford Motor Co.,Shipper+Consignee,2,56.46,27252.18,0.0,27308.64
"Kukje Steel Co., Ltd.",Shipper+Consignee,2,18562.59,8635.82,0.0,27198.41
Siemens Gamesa Renewable Energy Eol,Shipper+Consignee,2,26551.9,594.5,0.0,27146.4
Arcor S.A.I.C.,Shipper+Consignee,2,16014.24,10764.79,0.0,26779.03
Flour Mills Nigeria,Shipper+Consignee,2,13200.0,13200.0,0.0,26400.0
Pt Pelita Agung Agrindustri,Shipper+Consignee,2,17999.72,8000.0,0.0,25999.72
Hf Sinclair Refining & Marketin,Shipper+Consignee,2,12500.0,12500.0,0.0,25000.0
Phillips 66 International Trading,Shipper+Consignee,2,2428.0,22260.05,0.0,24688.05
Bgn Int Dmcc,Shipper+Consignee,2,11152.46,12901.82,0.0,24054.28
Cargill Oil Mills Philippines Inc.,Shipper+Consignee,2,18000.0,6000.0,0.0,24000.0
Gadiv Petrochemical Industries Ltd.,Shipper+Consignee,2,20889.630000000005,2871.37,0.0,23761.000000000004
Caterpillar Japan Ltd.,Shipper+Consignee,2,11637.059999999998,11971.009999999998,0.0,23608.069999999996
Sovena Espana S.A.,Shipper+Consignee,2,22268.480000000003,803.2,0.0,23071.680000000004
Unitata Berhad,Shipper+Consignee,2,19660.050000000003,3004.0,0.0,22664.050000000003
Antilles Trading Co.,Shipper+Consignee,2,18895.0,3632.0,0.0,22527.0
Ferlink S.A.,Shipper+Consignee,2,21589.54,790.8199999999999,0.0,22380.36
Gazi Metal Mamulleri San .Ve Tic,Shipper+Consignee,2,13854.82,8401.82,0.0,22256.64
Italiana Coke Srl,Shipper+Consignee,2,10999.44,10999.44,0.0,21998.88
Granexport Mfg. Co.Rp,Shipper+Consignee,2,10977.15,10977.15,0.0,21954.3
Millar Western Forest Products Ltd.,Shipper+Consignee,2,18133.950000000004,3673.5,0.0,21807.450000000004
Puerto Rico Asphalt,Shipper+Consignee,2,6.83,21658.629999999997,0.0,21665.46
Asso Subsea Single Member S.A. Thesi Kalympaki 19200 Elefsina Signatory,Shipper+Consignee,2,10713.0,10713.0,0.0,21426.0
Windarmex Sa De Cv,Shipper+Consignee,2,5896.2699999999995,15125.24,0.0,21021.51
Akra Polyester S.A. De C.V.,Shipper+Consignee,2,1000.0,19861.46,0.0,20861.46
"Hd Hyundai Electric Co., Ltd.",Shipper+Consignee,2,15607.19,4947.5199999999995,0.0,20554.71
Virgin Island Paving Inc.,Shipper+Consignee,2,0.68,19832.73,0.0,19833.41
Motorworld,Shipper+Consignee,2,119.08000000000001,19230.679999999993,0.0,19349.759999999995
Bell Equipment,Shipper+Consignee,2,16341.07,2707.9300000000003,0.0,19049.0
Alcoeste Bioenergia Fernandopolis,Shipper+Consignee,2,9479.779999999999,9000.0,0.0,18479.78
Samsung C And T Corporation,Shipper+Consignee,2,14161.75,3780.88,0.0,17942.63
Bp Wood,Shipper+Consignee,2,5690.46,11999.809999999998,0.0,17690.269999999997
Pt Energi Sejahtera Mas,Shipper+Consignee,2,15931.5,1499.96,0.0,17431.46
Transglobe Energy Llc,Shipper+Consignee,2,13067.14,4062.0,0.0,17129.14
American Global Logistics Llc,Shipper+Consignee,2,212.16,16572.34,0.0,16784.5
Linde Engineering North America,Shipper+Consignee,2,2911.0099999999998,13673.67,0.0,16584.68
Usina Monte Alegre Sa,Shipper+Consignee,2,13447.279999999999,3028.0,0.0,16475.28
Crv Industrial Ltda,Shipper+Consignee,2,8117.75,8117.75,0.0,16235.5
Stellantis Europe Sp A .,Shipper+Consignee,2,13886.36,2269.01,0.0,16155.37
Yara North America Inc.,Shipper+Consignee,2,10000.0,5876.0,0.0,15876.0
Lyman Steel Co.,Shipper+Consignee,2,7848.169999999999,7848.169999999999,0.0,15696.339999999998
"Magical Cruise Co., Ltd.",Shipper+Consignee,2,7847.66,7847.66,0.0,15695.32
"Sheng Yu Steel Co., Ltd.",Shipper+Consignee,2,10296.019999999999,5135.700000000001,0.0,15431.72
Heerema Offshore Services Us,Shipper+Consignee,2,7623.610000000001,7623.610000000001,0.0,15247.220000000001
Honda Trading De Mexico S.A. De C.V,Shipper+Consignee,2,7791.52,7089.7,0.0,14881.220000000001
Innospec Ltd.,Shipper+Consignee,2,14156.340000000002,681.18,0.0,14837.520000000002
M.F. Wirth Rail Corp.,Shipper+Consignee,2,3376.2,10973.43,0.0,14349.630000000001
Dow Europe Gmb H Plant F392,Shipper+Consignee,2,2990.0,11128.099999999999,0.0,14118.099999999999
Noble Corp.,Shipper+Consignee,2,1780.88,12180.279999999999,0.0,13961.16
General Motors Overseas Dist,Shipper+Consignee,2,6846.9,6851.619999999999,0.0,13698.519999999999
Whilhemsen Ship Services,Shipper+Consignee,2,0.0,13457.840000000002,0.0,13457.840000000002
Ajmal Steel Tubes And Pipes,Shipper+Consignee,2,12153.220000000001,1070.58,0.0,13223.800000000001
"Wodehaotai Trading Co., Ltd.",Shipper+Consignee,2,12024.0,802.4,0.0,12826.4
0082 Ar Hq Div Hq And Hq B,Shipper+Consignee,2,6320.31,6320.31,0.0,12640.62
Pmi Av. Marina Nacional 329,Shipper+Consignee,2,6120.0,6120.0,0.0,12240.0
Raizen Caarapo Acucar E Alcool Ltda,Shipper+Consignee,2,6018.88,6018.88,0.0,12037.76
New Asia Oil Inc.,Shipper+Consignee,2,6001.7,6001.7,0.0,12003.4
Philippine International,Shipper+Consignee,2,6000.26,6000.26,0.0,12000.52
Pt Agro Makmur Raya,Shipper+Consignee,2,5999.8,5999.8,0.0,11999.6
General Motors Do Brasil Ltda,Shipper+Consignee,2,7306.5199999999995,4487.03,0.0,11793.55
Sorin Corp.,Shipper+Consignee,2,5824.28,5824.28,0.0,11648.56
Metinvest Trametal Sp A,Shipper+Consignee,2,9787.99,1706.4799999999998,0.0,11494.47
Fisker Inc.,Shipper+Consignee,2,263.34,11030.02,0.0,11293.36
Etg Commodities Inc.,Shipper+Consignee,2,10805.529999999999,435.02,0.0,11240.55
Eew Steel Trading Llc,Shipper+Consignee,2,2584.88,8533.86,0.0,11118.740000000002
Ingenio El Molino S.A. De C.V.,Shipper+Consignee,2,5458.0,5458.0,0.0,10916.0
Mewah Oils Sdn Bhd,Shipper+Consignee,2,7819.33,3000.0,0.0,10819.33
Dynapac North America Llc,Shipper+Consignee,2,9.4,10735.130000000001,0.0,10744.53
Boliden Commercial Ab,Shipper+Consignee,2,9000.0,1500.0,0.0,10500.0
Integra Us Marketing Llc,Shipper+Consignee,2,5249.8,5099.780000000001,0.0,10349.580000000002
Pembina Pipeline,Shipper+Consignee,2,10294.0,36.5,0.0,10330.5
Seaspan Ulc,Shipper+Consignee,2,10204.0,0.0,0.0,10204.0
Mercedes Benz Canada Inc.,Shipper+Consignee,2,43.48,10149.439999999999,0.0,10192.919999999998
Vina One Steel Mfg.,Shipper+Consignee,2,9809.31,382.87,0.0,10192.18
Dynapac Compaction Equipment Ab,Shipper+Consignee,2,9748.27,9.4,0.0,9757.67
Deepak Phenolics Ltd.,Shipper+Consignee,2,7061.080000000001,2048.98,0.0,9110.060000000001
China Mineral Processing Ltd.,Shipper+Consignee,2,6000.0,3000.0,0.0,9000.0
Mitsubishi Chemical Uk Limted,Shipper+Consignee,2,4446.06,4446.06,0.0,8892.12
"Nissei Plastic Industries Co., Ltd.",Shipper+Consignee,2,5133.5999999999985,3632.98,0.0,8766.579999999998
Confab Industrial S.A.,Shipper+Consignee,2,5006.83,3478.04,0.0,8484.869999999999
Ingenio Chaparrastique S.A. De C.V,Shipper+Consignee,2,4218.0,4218.0,0.0,8436.0
Allchem Industries,Shipper+Consignee,2,4201.719999999999,4201.719999999999,0.0,8403.439999999999
Usina Alto Alegre Sa,Shipper+Consignee,2,54.0,8200.0,0.0,8254.0
Ergon Refining Inc.,Shipper+Consignee,2,5702.4,2429.99,0.0,8132.389999999999
Nexans Norway As,Shipper+Consignee,2,120.75,7954.31,0.0,8075.06
Palabora Global Ltd.,Shipper+Consignee,2,6.0,8012.44,0.0,8018.44
Sc Global Coco Products Inc.,Shipper+Consignee,2,4000.12,4000.12,0.0,8000.24
Prosal S.A.,Shipper+Consignee,2,3995.4,3995.4,0.0,7990.8
Ge Renewable Us Llc,Shipper+Consignee,2,76.0,7868.5599999999995,0.0,7944.5599999999995
Gac North America,Shipper+Consignee,2,0.7,7940.92,0.0,7941.62
Delmax Trading Corp.,Shipper+Consignee,2,3951.53,3951.53,0.0,7903.06
Msc Seashore,Shipper+Consignee,2,7852.3,5.620000000000001,0.0,7857.92
Nexans High Voltage Usa,Shipper+Consignee,2,7333.19,340.96000000000004,0.0,7674.15
Confab Industries S.A.,Shipper+Consignee,2,3154.12,4299.679999999999,0.0,7453.799999999999
Asil Celik Sanayi Ve Ticar,Shipper+Consignee,2,3716.0,3541.0,0.0,7257.0
Subsea 7,Shipper+Consignee,2,43.41,7048.1,0.0,7091.51
Sandvik Mining And Construction Oy,Shipper+Consignee,2,6568.62,254.28,0.0,6822.9
Usina Nova Galia Ltda,Shipper+Consignee,2,3366.88,3366.88,0.0,6733.76
Exportadora Bb Trading Sp A,Shipper+Consignee,2,6381.679999999999,194.99,0.0,6576.669999999999
Talos Productions Llc,Shipper+Consignee,2,3272.46,3272.46,0.0,6544.92
Msc Meraviglia,Shipper+Consignee,2,6468.86,3.33,0.0,6472.19
Nordex Energy Gmb H,Shipper+Consignee,2,3079.4500000000007,3101.12,0.0,6180.570000000001
Eurenco,Shipper+Consignee,2,4080.34,2056.95,0.0,6137.29
Joy Global Surface Mining Inc.,Shipper+Consignee,2,416.96,5535.29,0.0,5952.25
Tournament Event Logistics,Shipper+Consignee,2,7.8,5901.9,0.0,5909.7
Dg Global Inc.,Shipper+Consignee,2,5821.38,25.13,0.0,5846.51
Mcdermott International,Shipper+Consignee,2,2901.42,2944.04,0.0,5845.46
Wartsila Finland Oy,Shipper+Consignee,2,5818.339999999999,0.13,0.0,5818.469999999999
Indorama Ventures Oxides Llc.,Shipper+Consignee,2,4773.41,1001.68,0.0,5775.09
Lady Lab Co Mcdermott Inc.,Shipper+Consignee,2,2825.9500000000003,2825.9500000000003,0.0,5651.900000000001
Ford Werke Gmb H,Shipper+Consignee,2,29.4,5584.539999999999,0.0,5613.939999999999
Sea Shipping Line,Shipper+Consignee,2,102.42,5465.53,0.0,5567.95
Keck Seng (M) Berhad,Shipper+Consignee,2,3501.0,2000.0,0.0,5501.0
Ceva Logistics Ground & Rail France,Shipper+Consignee,2,2744.07,2744.07,0.0,5488.14
Virgin Voyages,Shipper+Consignee,2,5455.28,14.979999999999999,0.0,5470.259999999999
Ferretti Group Of America Llc,Shipper+Consignee,2,2722.6,2736.6,0.0,5459.2
0001 Av Hhc Hhc Combat Avn,Shipper+Consignee,2,2444.13,2908.0499999999997,0.0,5352.18
Galeon Sp Z.O.O Sp.K.,Shipper+Consignee,2,2635.2799999999997,2635.2799999999997,0.0,5270.5599999999995
Bonatti Sp A,Shipper+Consignee,2,1209.3,3997.5,0.0,5206.8
Pmb Silicon Sdn. Bhd.,Shipper+Consignee,2,2141.0,3051.0,0.0,5192.0
"Ace Metal And Powertech Co., Ltd.",Shipper+Consignee,2,3965.85,1211.21,0.0,5177.0599999999995
Ingenio La Magdalena S.A. De C.V.,Shipper+Consignee,2,2500.0,2500.0,0.0,5000.0
"Tung Mung Development Co., Ltd.",Shipper+Consignee,2,4219.33,692.58,0.0,4911.91
Dhl Global Forwarding,Shipper+Consignee,2,37.07,4840.2300000000005,0.0,4877.3
Corp. Of Hamilton,Shipper+Consignee,2,4763.0,8.6,0.0,4771.6
Sandvik Mining And Construction,Shipper+Consignee,2,3798.74,950.2800000000001,0.0,4749.0199999999995
Cia De Ferro Ligas Da Bahia Ferbasa,Shipper+Consignee,2,4546.0,200.0,0.0,4746.0
Sandvik Mining And Rock Technology,Shipper+Consignee,2,446.20000000000005,4290.49,0.0,4736.69
Space Exploration Technologies,Shipper+Consignee,2,140.72,4483.4,0.0,4624.12
Agco Australia Ltd.,Shipper+Consignee,2,290.0,4209.25,0.0,4499.25
Graincorp Operations Ltd.,Shipper+Consignee,2,3357.0099999999998,1122.4699999999998,0.0,4479.48
Tracsa Sa De Cv,Shipper+Consignee,2,41.2,4284.44,0.0,4325.639999999999
Bauer Equipment America Inc.,Shipper+Consignee,2,190.3,4133.72,0.0,4324.02
Mccloskey International,Shipper+Consignee,2,3741.6899999999996,505.78000000000003,0.0,4247.469999999999
Ferromac International Nv,Shipper+Consignee,2,2226.21,1973.01,0.0,4199.22
Oceania Cruise Lines,Shipper+Consignee,2,4044.5600000000004,20.18,0.0,4064.7400000000002
Jalles Machado Sa,Shipper+Consignee,2,3694.89,319.11,0.0,4014.0
Bmw Canada Inc.,Shipper+Consignee,2,21.8,3985.98,0.0,4007.78
Trident Marine,Shipper+Consignee,2,2000.0,2000.0,0.0,4000.0
Kubota Corporation,Shipper+Consignee,2,3471.7799999999997,312.16,0.0,3783.9399999999996
Preacero Pellizzari Mexico Sa De Cv,Shipper+Consignee,2,2575.8900000000003,1097.31,0.0,3673.2000000000003
Technipfmc Usa Inc.,Shipper+Consignee,2,527.67,3089.46,0.0,3617.13
Canfor Pulp Ltd.,Shipper+Consignee,2,3245.5600000000004,317.09,0.0,3562.6500000000005
Distribution Management Office,Shipper+Consignee,2,1669.6299999999999,1766.72,0.0,3436.35
Esso Exploration & Production Guyana Ltd.,Shipper+Consignee,2,323.29,3055.74,0.0,3379.0299999999997
Tadano Ltd.,Shipper+Consignee,2,1119.6400000000003,2227.7,0.0,3347.34
Matson Navigation Co. Inc.,Shipper+Consignee,2,0.08,3302.08,0.0,3302.16
Golden State Corp.,Shipper+Consignee,2,2341.28,952.83,0.0,3294.11
Technipfmc Plc,Shipper+Consignee,2,481.81999999999994,2711.1800000000003,0.0,3193.0
Alcatel Submarine Networks,Shipper+Consignee,2,1731.9299999999998,1382.4699999999998,0.0,3114.3999999999996
Mertech Marine (Pty) ) ) Ltd.,Shipper+Consignee,2,1497.45,1497.45,0.0,2994.9
Terex Global Gmb H,Shipper+Consignee,2,638.0799999999999,2327.9,0.0,2965.98
Millar Tractors Ltd.,Shipper+Consignee,2,1397.16,1542.3999999999999,0.0,2939.56
Czarnikow Brasil Ltda,Shipper+Consignee,2,1444.4,1444.4,0.0,2888.8
Milestone Holdings,Shipper+Consignee,2,1416.0,1416.0,0.0,2832.0
Interamericana De Productos Quimico,Shipper+Consignee,2,4.64,2800.0,0.0,2804.64
Flexsys Chemicals Belgium Nv,Shipper+Consignee,2,2566.16,195.56,0.0,2761.72
Flexsys America L.P.,Shipper+Consignee,2,195.56,2521.9199999999996,0.0,2717.4799999999996
Koil Metals Llc,Shipper+Consignee,2,1704.58,1010.58,0.0,2715.16
Transocean Offshore Deepwater Drill,Shipper+Consignee,2,858.18,1763.72,0.0,2621.9
Timbro Trading Sa,Shipper+Consignee,2,2600.0,16.76,0.0,2616.76
Great Wall,Shipper+Consignee,2,967.93,1644.11,0.0,2612.04
Young Poong Corp.,Shipper+Consignee,2,1302.64,1302.64,0.0,2605.28
Balk Yacht Management Ltd.,Shipper+Consignee,2,1300.0,1300.0,0.0,2600.0
Japan Steel Works America Inc.,Shipper+Consignee,2,189.54,2364.13,0.0,2553.67
Abb Inc.,Shipper+Consignee,2,76.66,2472.4999999999995,0.0,2549.1599999999994
Sf Marina Ab,Shipper+Consignee,2,2056.0,460.0,0.0,2516.0
Mtp Marine Ltd.,Shipper+Consignee,2,1242.0,1242.0,0.0,2484.0
Ocean Cable Solutions B.V.,Shipper+Consignee,2,1242.0,1242.0,0.0,2484.0
"Synn Industrial Co., Ltd.",Shipper+Consignee,2,268.91,2184.19,0.0,2453.1
Msc Divina,Shipper+Consignee,2,2408.22,7.99,0.0,2416.2099999999996
Shell Canada,Shipper+Consignee,2,1150.0,1150.0,0.0,2300.0
"J. And M. Shipping Co., Ltd.",Shipper+Consignee,2,1144.0,1144.0,0.0,2288.0
Hitachi Energy,Shipper+Consignee,2,1961.58,284.09,0.0,2245.67
Terex South Dakota,Shipper+Consignee,2,2031.3400000000001,208.92000000000002,0.0,2240.26
Nautical Ventures Group,Shipper+Consignee,2,401.0,1829.12,0.0,2230.12
Kolberg Pioneer Inc.,Shipper+Consignee,2,195.91000000000003,2021.7700000000007,0.0,2217.6800000000007
Changan,Shipper+Consignee,2,1094.74,1094.74,0.0,2189.48
"Far East Machinery Co., Ltd.",Shipper+Consignee,2,1080.7,1080.7,0.0,2161.4
Seaway 7 Us Inc.,Shipper+Consignee,2,2.92,2139.49,0.0,2142.41
One Water Yacht Group Fort Lauderd,Shipper+Consignee,2,1069.72,1069.72,0.0,2139.44
Bbc Chartering Usa Llc,Shipper+Consignee,2,11.0,2124.52,0.0,2135.52
Optimism Of The Sea Llc,Shipper+Consignee,2,768.0,1242.0,0.0,2010.0
Ioi Pan Century Edible Oils Sdn Bhd,Shipper+Consignee,2,1000.0,1000.0,0.0,2000.0
Carpe Charter Ltd.,Shipper+Consignee,2,990.0,990.0,0.0,1980.0
Herrenknecht Tunnelling Systems,Shipper+Consignee,2,508.0,1470.7800000000002,0.0,1978.7800000000002
Daimler Vehiculos Comerciales,Shipper+Consignee,2,249.29999999999998,1709.94,0.0,1959.24
Gianfranco Righi Divisione Italtran,Shipper+Consignee,2,1532.96,413.2,0.0,1946.16
Kokusai Pulp & Paper,Shipper+Consignee,2,439.1,1478.59,0.0,1917.69
National Federation Of Fisheries Co.,Shipper+Consignee,2,957.0,957.0,0.0,1914.0
Enchantress Yacht Holdings Llc,Shipper+Consignee,2,954.0,954.0,0.0,1908.0
Nmt Usa,Shipper+Consignee,2,126.2,1764.3200000000002,0.0,1890.5200000000002
Jones Street Marine Ltd.,Shipper+Consignee,2,944.0,944.0,0.0,1888.0
Msc Magnifica,Shipper+Consignee,2,1815.28,0.75,0.0,1816.03
Scarbrough International,Shipper+Consignee,2,56.4,1745.1700000000003,0.0,1801.5700000000004
Intl Motors Ltd.,Shipper+Consignee,2,0.32,1786.9299999999998,0.0,1787.2499999999998
"Cabinda Gulf Oil Co., Ltd.",Shipper+Consignee,2,1.4,1785.0900000000001,0.0,1786.4900000000002
Blue Penguin Maritime Ltd.,Shipper+Consignee,2,850.0,850.0,0.0,1700.0
Freightplus Usa Inc.,Shipper+Consignee,2,702.72,962.5000000000001,0.0,1665.2200000000003
Logimpex Cargo S.A.S.,Shipper+Consignee,2,1614.8400000000001,48.03999999999999,0.0,1662.88
Mitsubishi Heavy Industries Compres,Shipper+Consignee,2,1456.08,192.20999999999998,0.0,1648.29
Everbright Development International Ltd. (Hk),Shipper+Consignee,2,807.37,807.37,0.0,1614.74
Oceana 289 Ltd.,Shipper+Consignee,2,800.0,800.0,0.0,1600.0
"Volkswagen Group Taiwan Co., Ltd.",Shipper+Consignee,2,6.5,1552.94,0.0,1559.44
Axopar Boats Poland Sp. Z.O.O,Shipper+Consignee,2,1553.3199999999997,1.6,0.0,1554.9199999999996
Y.E.S. Marine,Shipper+Consignee,2,772.0,772.0,0.0,1544.0
Aw3 Llc,Shipper+Consignee,2,764.4000000000001,764.4000000000001,0.0,1528.8000000000002
Water Spirit San Juan,Shipper+Consignee,2,762.3199999999999,762.9199999999998,0.0,1525.2399999999998
Intermarine Americas Llc,Shipper+Consignee,2,68.17999999999999,1454.68,0.0,1522.8600000000001
Dlan Services Ltd.,Shipper+Consignee,2,1261.0100000000002,244.2,0.0,1505.2100000000003
Silver Lining Yacht Llc,Shipper+Consignee,2,750.0,750.0,0.0,1500.0
Siemens Energy Inc.,Shipper+Consignee,2,965.44,506.30999999999995,0.0,1471.75
Regent Seven Seas,Shipper+Consignee,2,1403.38,57.06,0.0,1460.44
Pxgeo Us Inc. Wap,Shipper+Consignee,2,624.3499999999999,817.26,0.0,1441.61
Odfjell Tankers As,Shipper+Consignee,2,1378.69,43.31999999999999,0.0,1422.01
Bergmann Maschinenbau Gmb H Co Kg,Shipper+Consignee,2,1324.27,78.04,0.0,1402.31
Bergmann Americas Inc.,Shipper+Consignee,2,78.04,1276.9900000000002,0.0,1355.0300000000002
One Water Yacht Group,Shipper+Consignee,2,668.0,668.0,0.0,1336.0
Shes A Ten Too Ltd.,Shipper+Consignee,2,660.0,660.0,0.0,1320.0
Jjs Yachts Ltd.,Shipper+Consignee,2,660.0,660.0,0.0,1320.0
Japan Air Self Defense Force,Shipper+Consignee,2,651.0,651.0,0.0,1302.0
Mariner International Travel,Shipper+Consignee,2,22.64,1270.9699999999998,0.0,1293.61
Kuehne Nagel S.A. De C.V.,Shipper+Consignee,2,518.8,764.16,0.0,1282.96
Book Advisory Services Ltd.,Shipper+Consignee,2,630.0,630.0,0.0,1260.0
Progressive Services Corp.,Shipper+Consignee,2,38.22,1219.54,0.0,1257.76
Madison Enterprise Holdings Cl Inc.,Shipper+Consignee,2,624.0,624.0,0.0,1248.0
Perenco T&T Ltd.,Shipper+Consignee,2,30.03,1210.04,0.0,1240.07
Mckeon Maritime Holding Llc,Shipper+Consignee,2,619.0,619.0,0.0,1238.0
Man Energy Solutions Se,Shipper+Consignee,2,1232.04,1.4400000000000002,0.0,1233.48
Bad Romance V,Shipper+Consignee,2,614.0,614.0,0.0,1228.0
Fifty Meter Holdings Llc,Shipper+Consignee,2,611.2,611.2,0.0,1222.4
0082 Av Hhc Hhc Combat Avn,Shipper+Consignee,2,1218.2799999999997,2.95,0.0,1221.2299999999998
Mac Container Line,Shipper+Consignee,2,882.73,326.16,0.0,1208.89
"Morooka Co., Ltd.",Shipper+Consignee,2,1178.9399999999998,13.0,0.0,1191.9399999999998
Russula Corp.,Shipper+Consignee,2,51.839999999999996,1138.3100000000002,0.0,1190.15
Maverick Marine Ventures,Shipper+Consignee,2,590.0,590.0,0.0,1180.0
Sea Ltd.,Shipper+Consignee,2,588.0,588.0,0.0,1176.0
Caribbean Voyager,Shipper+Consignee,2,1166.46,0.02,0.0,1166.48
Japan Ground Self Defense Force,Shipper+Consignee,2,580.78,580.78,0.0,1161.56
Combi Lift Projekt Gmb H & Co. Kg,Shipper+Consignee,2,573.44,573.44,0.0,1146.88
Odessa Ltd.,Shipper+Consignee,2,570.0,570.0,0.0,1140.0
Daming International Imp. & Exp. .,Shipper+Consignee,2,757.69,377.2,0.0,1134.89
Sandvik Mining And Construction De,Shipper+Consignee,2,89.3,1035.56,0.0,1124.86
Cargo S. De Mexico S.A. De C.V.,Shipper+Consignee,2,820.46,304.27,0.0,1124.73
Kiwi Yachting Ltd.,Shipper+Consignee,2,556.0,556.0,0.0,1112.0
"Bmw Asia Pte., Ltd.",Shipper+Consignee,2,88.66,1014.4999999999999,0.0,1103.1599999999999
Hyundai Corp.,Shipper+Consignee,2,203.46,898.32,0.0,1101.78
Gebr. Pfeiffer Inc.,Shipper+Consignee,2,390.89,704.77,0.0,1095.6599999999999
Norton Lilly International,Shipper+Consignee,2,42.52,1051.7099999999998,0.0,1094.2299999999998
Banco Popular,Shipper+Consignee,2,0.22,1092.96,0.0,1093.18
Gci Unicom Inc.,Shipper+Consignee,2,0.18,1089.22,0.0,1089.4
Wallenius Wilhelmsen Logistics,Shipper+Consignee,2,953.4599999999999,134.58,0.0,1088.04
Seanet Europe Ltd.,Shipper+Consignee,2,536.0,536.0,0.0,1072.0
Kobe Steel Ltd.,Shipper+Consignee,2,1068.05,1.1,0.0,1069.1499999999999
Fmc Technologies Ltd.,Shipper+Consignee,2,955.47,108.51,0.0,1063.98
Moonshine Bianca Llc,Shipper+Consignee,2,530.0,530.0,0.0,1060.0
Epiroc Mexicana Sa De Cv,Shipper+Consignee,2,34.7,1006.54,0.0,1041.24
Here Comes The Sun Inc.,Shipper+Consignee,2,520.0,520.0,0.0,1040.0
All Commodities (Ac) Trading Ltd.,Shipper+Consignee,2,833.3499999999999,201.68,0.0,1035.03
"Hai Soon Ship Management Pte., Ltd.",Shipper+Consignee,2,508.0,508.0,0.0,1016.0
Noble Energy,Shipper+Consignee,2,5.45,982.25,0.0,987.7
Fincantieri Infrastructure Sp A,Shipper+Consignee,2,242.0,740.37,0.0,982.37
Caterpillar Of Australia Ltd.,Shipper+Consignee,2,963.6000000000004,15.32,0.0,978.9200000000004
"Mitsui E&S Co., Ltd.",Shipper+Consignee,2,977.12,0.0,0.0,977.12
Nan Inc.,Shipper+Consignee,2,166.0,793.54,0.0,959.54
Intl Shipping Ltd.,Shipper+Consignee,2,908.0,24.8,0.0,932.8
Noble Valiant,Shipper+Consignee,2,340.04,590.0,0.0,930.04
Keepin It Reel Llc,Shipper+Consignee,2,464.0,464.0,0.0,928.0
Sojitz Canada Corp.,Shipper+Consignee,2,458.9,458.9,0.0,917.8
Oxbo International Corp.,Shipper+Consignee,2,12.62,895.79,0.0,908.41
Chandris (Hellas) Inc.,Shipper+Consignee,2,904.1999999999999,0.15,0.0,904.3499999999999
Progressive Services Corp. (Psc),Shipper+Consignee,2,429.24,467.46000000000004,0.0,896.7
Ritchie Bros Auctioneers De Mexico,Shipper+Consignee,2,492.06,396.28,0.0,888.3399999999999
Carrosserie Hess Ag,Shipper+Consignee,2,441.31999999999994,441.31999999999994,0.0,882.6399999999999
Donya Ltd.,Shipper+Consignee,2,440.0,440.0,0.0,880.0
Msc Seaside,Shipper+Consignee,2,868.4999999999999,10.51,0.0,879.0099999999999
Kosmos Energy Gulf Mexico Ops Llc,Shipper+Consignee,2,435.02,435.02,0.0,870.04
Flender Finland,Shipper+Consignee,2,432.08000000000004,432.08000000000004,0.0,864.1600000000001
Rr Magic Shipping Sa De Cv,Shipper+Consignee,2,48.03999999999999,814.92,0.0,862.9599999999999
Sany International Devevelopment Limitedc O,Shipper+Consignee,2,426.46,426.46,0.0,852.92
Tropical Shipping Usa Llc,Shipper+Consignee,2,29.93,801.8,0.0,831.7299999999999
Area Leisure Ltd.,Shipper+Consignee,2,414.0,414.0,0.0,828.0
Gefco France Sas,Shipper+Consignee,2,412.52000000000004,412.52000000000004,0.0,825.0400000000001
Interfracht Container Overseas Gmb H,Shipper+Consignee,2,799.5100000000001,24.5,0.0,824.0100000000001
Ge Gas Power,Shipper+Consignee,2,2.38,819.86,0.0,822.24
Seven Ilp,Shipper+Consignee,2,400.0,400.0,0.0,800.0
Delta Whiskey Llc,Shipper+Consignee,2,400.0,400.0,0.0,800.0
Rl Junior Llc,Shipper+Consignee,2,400.0,400.0,0.0,800.0
John Deere Sales Hispanoamerica S. De R.L. De C.V.,Shipper+Consignee,2,690.18,108.53999999999999,0.0,798.7199999999999
Cantiere Del Pardo Sp A,Shipper+Consignee,2,768.2,30.0,0.0,798.2
Priority Roro Services,Shipper+Consignee,2,791.32,2.68,0.0,794.0
Marine Express Dominicana Srl .,Shipper+Consignee,2,707.5,83.6,0.0,791.1
Sparber Mexico International S.A.,Shipper+Consignee,2,355.0,416.0,0.0,771.0
Viv Ltd.,Shipper+Consignee,2,380.0,380.0,0.0,760.0
Ls International Cargo Gmb H,Shipper+Consignee,2,51.10000000000001,707.04,0.0,758.14
Msc Seascape,Shipper+Consignee,2,743.25,4.609999999999999,0.0,747.86
Water Spirit Stx,Shipper+Consignee,2,61.78,677.56,0.0,739.3399999999999
South Coast Marine Yacht,Shipper+Consignee,2,514.0,221.0,0.0,735.0
Water Spirit,Shipper+Consignee,2,674.66,56.0,0.0,730.66
Electric Boat,Shipper+Consignee,2,244.76999999999998,473.43999999999994,0.0,718.2099999999999
Mt Eurosailor,Shipper+Consignee,2,354.0,354.0,0.0,708.0
Gcc Supply And Trading,Shipper+Consignee,2,344.0,344.0,0.0,688.0
Workstrings International,Shipper+Consignee,2,161.44,522.4,0.0,683.8399999999999
Piccolo Boat Ch Ltd.,Shipper+Consignee,2,340.0,340.0,0.0,680.0
Hanse North And South America,Shipper+Consignee,2,339.92,339.92,0.0,679.84
Inchcape Caribbean Inc.,Shipper+Consignee,2,180.05,493.75000000000006,0.0,673.8000000000001
Sino Vietnam Hi Tech Material Co.,Shipper+Consignee,2,460.67,207.93,0.0,668.6
Palmetto Point Transportation Ltd.,Shipper+Consignee,2,330.0,330.0,0.0,660.0
Ensco International,Shipper+Consignee,2,17.46,640.12,0.0,657.58
Providence Grain Group Inc.,Shipper+Consignee,2,327.31,327.31,0.0,654.62
Valmet Ab,Shipper+Consignee,2,492.22999999999996,158.0,0.0,650.23
San Lorenzo Sp A,Shipper+Consignee,2,325.0,325.0,0.0,650.0
Interfracht Inc. Usa,Shipper+Consignee,2,24.5,624.8199999999999,0.0,649.3199999999999
Baggerbedrijf De Boer B.V,Shipper+Consignee,2,320.0,320.0,0.0,640.0
Global Construction Equip.,Shipper+Consignee,2,18.5,618.6700000000001,0.0,637.1700000000001
Metal One Steel Service De Mexico,Shipper+Consignee,2,19.26,609.9200000000001,0.0,629.1800000000001
Island Performer,Shipper+Consignee,2,620.55,0.13,0.0,620.68
Vq Yachts The Netherlands,Shipper+Consignee,2,308.0,308.0,0.0,616.0
Ocean Advantage Inc.,Shipper+Consignee,2,306.0,306.0,0.0,612.0
Mt Agioi Fanendes,Shipper+Consignee,2,304.84999999999997,304.84999999999997,0.0,609.6999999999999
Sunseeker London,Shipper+Consignee,2,300.0,300.0,0.0,600.0
Coastal Villages Longline Llc,Shipper+Consignee,2,298.66,298.66,0.0,597.32
Faw,Shipper+Consignee,2,295.42,295.42,0.0,590.84
Pacific Asian Enterprises Inc.,Shipper+Consignee,2,125.8,451.8,0.0,577.6
Siemens Energy,Shipper+Consignee,2,166.7,400.8,0.0,567.5
Intl Freight Transport,Shipper+Consignee,2,424.0,132.0,0.0,556.0
Isuzu Motors Ltd.,Shipper+Consignee,2,542.48,6.9,0.0,549.38
Coral Of Seas Li,Shipper+Consignee,2,268.0,268.0,0.0,536.0
Manitowoc Marina,Shipper+Consignee,2,265.5,265.5,0.0,531.0
Herrenknecht Ag,Shipper+Consignee,2,23.0,508.0,0.0,531.0
Caf Mexico Sa De Cv,Shipper+Consignee,2,44.80000000000001,484.48999999999995,0.0,529.29
Acl Ab (Cross Trade),Shipper+Consignee,2,264.03999999999996,264.03999999999996,0.0,528.0799999999999
Kensa Logistics Mexico S.A. De C.V.,Shipper+Consignee,2,12.38,510.93999999999994,0.0,523.3199999999999
Stolt Tank Containers,Shipper+Consignee,2,402.14,121.05,0.0,523.1899999999999
Alpha Yachts Usa Llc,Shipper+Consignee,2,254.0,254.0,0.0,508.0
Orion Marine Construction Inc.,Shipper+Consignee,2,1.94,504.97999999999996,0.0,506.91999999999996
Fmc Technologies Inc.,Shipper+Consignee,2,3.02,493.36,0.0,496.38
Free 2 Sea Inc.,Shipper+Consignee,2,248.0,248.0,0.0,496.0
Lockheed Martin Corp.,Shipper+Consignee,2,64.8,424.08,0.0,488.88
Man Energy Solutions Usa Inc.,Shipper+Consignee,2,0.0,486.2,0.0,486.2
Nidaros Shipping As,Shipper+Consignee,2,243.0,243.0,0.0,486.0
Hyundai Corporationu.S.A. (Hou),Shipper+Consignee,2,382.68,92.05,0.0,474.73
Mitsubishi Heavy Industries,Shipper+Consignee,2,205.84,268.11,0.0,473.95000000000005
Paragon Ltd.,Shipper+Consignee,2,236.0,236.0,0.0,472.0
"Kukjesteel Co., Ltd.",Shipper+Consignee,2,284.46,165.38,0.0,449.84
24 7 Ship Spares Inc.,Shipper+Consignee,2,229.48999999999998,219.31,0.0,448.79999999999995
Dakota Air Parts International Inc.,Shipper+Consignee,2,221.4,221.4,0.0,442.8
Colmar Sl,Shipper+Consignee,2,255.1,187.0,0.0,442.1
Freeport Ship Services,Shipper+Consignee,2,0.47,440.7,0.0,441.17
Yachting 104 Ltd.,Shipper+Consignee,2,220.0,220.0,0.0,440.0
Weg Equipamentos Eletricos Sa,Shipper+Consignee,2,350.79999999999995,82.5,0.0,433.29999999999995
Utc Overseas Colombia Sas,Shipper+Consignee,2,80.0,346.37,0.0,426.37
Real Auto B.V.,Shipper+Consignee,2,51.68,374.46000000000004,0.0,426.14000000000004
Herfurth Logistics Nv,Shipper+Consignee,2,75.9,346.40000000000003,0.0,422.30000000000007
Epiroc Australia (Pty) ) Ltd.,Shipper+Consignee,2,1.69,414.52,0.0,416.21
Wickert Maschinenbau Gmb H,Shipper+Consignee,2,412.29999999999995,1.4,0.0,413.69999999999993
Princess Cruises,Shipper+Consignee,2,400.97,12.089999999999998,0.0,413.06
Holt Cat,Shipper+Consignee,2,36.0,376.0,0.0,412.0
Priority Ro Ro Services Inc.,Shipper+Consignee,2,297.68,109.81,0.0,407.49
M7 Metals Gmb H,Shipper+Consignee,2,100.0,305.0,0.0,405.0
Finning Chile S.A.,Shipper+Consignee,2,11.22,390.58000000000004,0.0,401.80000000000007
"Chin Ho Fa Steel & Iron Co., Ltd.",Shipper+Consignee,2,200.58,200.58,0.0,401.16
Pomerleau,Shipper+Consignee,2,200.0,200.0,0.0,400.0
Yabuki Kaiun Kaisha Ltd.,Shipper+Consignee,2,229.68,170.2,0.0,399.88
Pardo Yachts Miami Llc,Shipper+Consignee,2,18.0,381.20000000000005,0.0,399.20000000000005
Neat Ventures,Shipper+Consignee,2,199.0,199.0,0.0,398.0
Fox Mountain Llc,Shipper+Consignee,2,196.0,196.0,0.0,392.0
Ocean Point Terminals,Shipper+Consignee,2,0.06,387.6,0.0,387.66
Ling Bay Ltd.,Shipper+Consignee,2,190.0,190.0,0.0,380.0
Dogado Srl,Shipper+Consignee,2,280.36,90.0,0.0,370.36
Wajer Yachts,Shipper+Consignee,2,222.8,142.8,0.0,365.6
Maersk Logistics Usa,Shipper+Consignee,2,154.16,208.76,0.0,362.91999999999996
Mol (America) Inc.,Shipper+Consignee,2,180.0,180.16,0.0,360.15999999999997
"Hna Co., Ltd.",Shipper+Consignee,2,179.71,179.71,0.0,359.42
Fire Protection Service,Shipper+Consignee,2,5.319999999999999,353.78,0.0,359.09999999999997
Rh Shipping & Chartering S De Rl De,Shipper+Consignee,2,140.52,217.75,0.0,358.27
Air Liquide Advanced Technologies,Shipper+Consignee,2,260.68,95.54,0.0,356.22
Itochu Corporation,Shipper+Consignee,2,200.05,154.68,0.0,354.73
Valaris Ds 12,Shipper+Consignee,2,337.14,17.46,0.0,354.59999999999997
"Asia Harbor Yacht Builders Co., Ltd.",Shipper+Consignee,2,236.5,115.5,0.0,352.0
Flsmidth Inc.,Shipper+Consignee,2,143.6,207.38,0.0,350.98
Savino Del Bene Panama S.A.,Shipper+Consignee,2,264.08,85.7,0.0,349.78
Shell Trinidad And Tobago Ltd.,Shipper+Consignee,2,349.04,0.4,0.0,349.44
Inchcape Shipping Services,Shipper+Consignee,2,2.1599999999999997,347.08,0.0,349.24
Blue Ocean Mariculture,Shipper+Consignee,2,174.6,174.6,0.0,349.2
Global Freight Solutions,Shipper+Consignee,2,186.0,161.12,0.0,347.12
Liberty Offshore Llc,Shipper+Consignee,2,172.0,172.0,0.0,344.0
Volkswagen Argentina S.A.,Shipper+Consignee,2,66.11999999999999,275.57,0.0,341.69
Jensen Gmb H,Shipper+Consignee,2,338.94,0.18,0.0,339.12
Atach3 Marine Llc,Shipper+Consignee,2,168.0,168.0,0.0,336.0
"Torishima Pump Mfg. Co., Ltd.",Shipper+Consignee,2,165.82999999999998,165.82999999999998,0.0,331.65999999999997
Romeu Mexico Sa De Cv,Shipper+Consignee,2,26.0,305.26,0.0,331.26
Carlugo,Shipper+Consignee,2,164.0,164.0,0.0,328.0
Limitless Seas Inc.,Shipper+Consignee,2,135.0,189.5,0.0,324.5
One Ocean Yachts,Shipper+Consignee,2,140.6,182.07999999999998,0.0,322.67999999999995
Yacht Sales Management Llc,Shipper+Consignee,2,144.66,176.66,0.0,321.32
Viking Life Saving Equipment,Shipper+Consignee,2,308.95,4.16,0.0,313.11
Epiroc Drilling Solutions,Shipper+Consignee,2,249.32,60.96,0.0,310.28
Marinetrans Usa Llc,Shipper+Consignee,2,0.26,301.92,0.0,302.18
Grimaldi Lines,Shipper+Consignee,2,148.0,148.0,0.0,296.0
Kobelco Construction,Shipper+Consignee,2,189.6,104.72,0.0,294.32
Performance Yacht Sales Corp.,Shipper+Consignee,2,145.7,145.7,0.0,291.4
Nectar Marine Llc,Shipper+Consignee,2,143.3,143.3,0.0,286.6
Mondiale Freight Services Ltd.,Shipper+Consignee,2,1.6,282.58,0.0,284.18
Kg Sportfishing,Shipper+Consignee,2,140.0,140.0,0.0,280.0
Caterpillar S.A.R.L.,Shipper+Consignee,2,131.34,147.28,0.0,278.62
Bollore Logistics,Shipper+Consignee,2,278.4,0.22,0.0,278.62
Freeboard Meridan Ltd.,Shipper+Consignee,2,137.7,137.7,0.0,275.4
Ntg Projects,Shipper+Consignee,2,160.07999999999998,115.08,0.0,275.15999999999997
Svp Yachts Inc.,Shipper+Consignee,2,81.6,192.8,0.0,274.4
Artisan Vehicle Systems Inc.,Shipper+Consignee,2,254.28,19.2,0.0,273.48
Tiba Mexico S.A. De C.V.,Shipper+Consignee,2,128.95,144.0,0.0,272.95
Tesab Spain Sl,Shipper+Consignee,2,180.4,91.6,0.0,272.0
Complete Marine Freight Sl,Shipper+Consignee,2,130.0,140.0,0.0,270.0
Marine Connection,Shipper+Consignee,2,134.6,134.6,0.0,269.2
Spbi,Shipper+Consignee,2,187.15,72.44,0.0,259.59000000000003
J Boat,Shipper+Consignee,2,129.32,129.32,0.0,258.64
Elecnor Mexico S.A. De C.V.,Shipper+Consignee,2,36.0,221.6,0.0,257.6
Walter Maschinenbau Gmb H,Shipper+Consignee,2,250.35000000000002,6.2,0.0,256.55
Bird Dog Explorations Llc,Shipper+Consignee,2,128.0,128.0,0.0,256.0
Ring Power Corporation,Shipper+Consignee,2,140.4,113.81,0.0,254.21
Bella Vita Ci Corp.,Shipper+Consignee,2,126.0,126.0,0.0,252.0
Pa Marine Ltd.,Shipper+Consignee,2,124.0,124.0,0.0,248.0
Auto Depot,Shipper+Consignee,2,123.08,123.08,0.0,246.16
Slade Shipping Inc.,Shipper+Consignee,2,72.6,172.06,0.0,244.66
Uno Mas (Ocho Rios) Llc,Shipper+Consignee,2,122.0,122.0,0.0,244.0
Geely Automobile International Corp.,Shipper+Consignee,2,120.32,120.32,0.0,240.64
Complete Marine Freight S.L.,Shipper+Consignee,2,135.06,104.6,0.0,239.66
Thyssenkrupp Industrial Solutions,Shipper+Consignee,2,142.72,95.73,0.0,238.45
Greenfield Spreading Sales Inc.,Shipper+Consignee,2,23.0,213.39999999999995,0.0,236.39999999999995
"Yusen Logistics Co., Ltd.",Shipper+Consignee,2,47.04,187.22,0.0,234.26
Hornbeck Offshore,Shipper+Consignee,2,23.840000000000003,204.94,0.0,228.78
E & J Used Car Sales And Courier Se,Shipper+Consignee,2,113.34,115.0,0.0,228.34
Atlas Copco Energas Gmb H,Shipper+Consignee,2,227.41000000000003,0.06,0.0,227.47000000000003
Alstom,Shipper+Consignee,2,182.0,43.5,0.0,225.5
Tchen Motors Llc,Shipper+Consignee,2,110.43999999999998,110.43999999999998,0.0,220.87999999999997
Robb Crumpton Crumpton Family Llc,Shipper+Consignee,2,110.0,110.0,0.0,220.0
Sterling Fox Llc,Shipper+Consignee,2,110.0,110.0,0.0,220.0
Ambercor Shipping Inc.,Shipper+Consignee,2,143.34,75.28,0.0,218.62
Valaris Plc,Shipper+Consignee,2,9.16,201.83,0.0,210.99
Alfa Laval Vicarb,Shipper+Consignee,2,206.9,1.0,0.0,207.9
Us Ocean Llc,Shipper+Consignee,2,102.09,102.09,0.0,204.18
K3 Maritime,Shipper+Consignee,2,200.25,0.13,0.0,200.38
Billfisher S. F. Llc,Shipper+Consignee,2,100.0,100.0,0.0,200.0
Metso Chile Sa,Shipper+Consignee,2,0.46,196.4,0.0,196.86
Caterpillar S A R L Singapore,Shipper+Consignee,2,92.5,102.02,0.0,194.51999999999998
Haim Zuckerman Ltd.,Shipper+Consignee,2,96.0,96.0,0.0,192.0
Universal Motor Geraete De Mexico,Shipper+Consignee,2,83.38,106.58,0.0,189.95999999999998
Mt Ladon,Shipper+Consignee,2,126.86999999999999,63.0,0.0,189.87
Chantier Catana,Shipper+Consignee,2,110.92,78.92,0.0,189.84
Deugro (Deutschland) Projekt Gmb H,Shipper+Consignee,2,75.28,111.2,0.0,186.48000000000002
Mcdermott Inc. Co Gmc Amazon,Shipper+Consignee,2,90.38000000000001,90.38000000000001,0.0,180.76000000000002
Caramba Sportfishing Llc,Shipper+Consignee,2,90.0,90.0,0.0,180.0
Hj Schryver,Shipper+Consignee,2,31.590000000000003,148.28,0.0,179.87
Db Group Sp A,Shipper+Consignee,2,89.0,89.0,0.0,178.0
Aztec Ventures,Shipper+Consignee,2,88.0,88.0,0.0,176.0
Maritima Dominicana,Shipper+Consignee,2,95.93,80.0,0.0,175.93
Bauer Spezialtiefbau Gmb H,Shipper+Consignee,2,36.2,139.6,0.0,175.8
American Track Rentals,Shipper+Consignee,2,13.0,159.04000000000002,0.0,172.04000000000002
Infinity Boat Llc,Shipper+Consignee,2,86.0,86.0,0.0,172.0
Liebherr Chile S.A.,Shipper+Consignee,2,166.4,4.85,0.0,171.25
De' Oronzo Group Ltd.,Shipper+Consignee,2,84.0,84.0,0.0,168.0
"Sany Auto Mfg. Co., Ltd.",Shipper+Consignee,2,83.97999999999999,83.97999999999999,0.0,167.95999999999998
Stellantis Mexico Sa De Cv,Shipper+Consignee,2,100.03999999999999,60.72,0.0,160.76
Bzl Holdings,Shipper+Consignee,2,80.0,80.0,0.0,160.0
Wilhelmsen Port Services Inc.,Shipper+Consignee,2,1.24,158.31,0.0,159.55
Maltacourt Ltd.,Shipper+Consignee,2,150.0,7.84,0.0,157.84
"Bassam Trading Co., Ltd.",Shipper+Consignee,2,4.7,152.95999999999998,0.0,157.65999999999997
Car Cave Llc,Shipper+Consignee,2,76.56,81.03999999999999,0.0,157.6
Halliburton Latin America S.A.,Shipper+Consignee,2,107.41000000000001,49.46,0.0,156.87
Higginbotham Marine Llc,Shipper+Consignee,2,78.0,78.0,0.0,156.0
Sea Fix Sportfishing Charters Llc,Shipper+Consignee,2,78.0,78.0,0.0,156.0
Dream Yacht Charter,Shipper+Consignee,2,77.12,77.12,0.0,154.24
Maspor Marine,Shipper+Consignee,2,3.36,150.0,0.0,153.36
Crowley Maritime,Shipper+Consignee,2,7.5,145.7,0.0,153.2
Advantage Yacht Sales,Shipper+Consignee,2,76.0,76.0,0.0,152.0
North Shore Three Llc,Shipper+Consignee,2,75.6,75.6,0.0,151.2
Rheinmetall Man Military Vehicles,Shipper+Consignee,2,113.07999999999998,36.08,0.0,149.15999999999997
Expeditors International De Mexico,Shipper+Consignee,2,2.46,144.2,0.0,146.66
At Construction Solutions Llc,Shipper+Consignee,2,139.88,4.98,0.0,144.85999999999999
Peters And May Ltd.,Shipper+Consignee,2,79.58,63.040000000000006,0.0,142.62
Dhl Global Forwarding Colombia Ltda,Shipper+Consignee,2,137.92,2.74,0.0,140.66
Mt Eurochampion,Shipper+Consignee,2,70.0,70.0,0.0,140.0
Gujarat Alkalies And Chemicals Ltd.,Shipper+Consignee,2,120.0,20.0,0.0,140.0
Nicro Boltasa De Cv,Shipper+Consignee,2,0.07,138.2,0.0,138.26999999999998
Carnival Cruise Line,Shipper+Consignee,2,137.05999999999997,0.44,0.0,137.49999999999997
Manuel Rosario Pimentel,Shipper+Consignee,2,70.2,67.2,0.0,137.4
Explora 1,Shipper+Consignee,2,131.82999999999998,4.61,0.0,136.44
Ge Energy Power Conversion France,Shipper+Consignee,2,135.69,0.5,0.0,136.19
Steeler Yachts,Shipper+Consignee,2,68.0,68.0,0.0,136.0
Neptunes Yacht And Brokerag,Shipper+Consignee,2,67.0,67.0,0.0,134.0
Geodis Wilson Germany Gmb H & Co. Kg,Shipper+Consignee,2,63.0,69.8,0.0,132.8
Savino Del Bene Mexico Sa De Cv,Shipper+Consignee,2,85.7,46.8,0.0,132.5
Pedro M Kelly Figaro,Shipper+Consignee,2,66.0,66.0,0.0,132.0
Azamara,Shipper+Consignee,2,131.64,0.16,0.0,131.79999999999998
Nyk Line (North America) Inc.,Shipper+Consignee,2,64.0,64.0,0.0,128.0
Cory Brothers (Usa) Inc.,Shipper+Consignee,2,0.08,127.07000000000001,0.0,127.15
Sv Athena 59008 Llc,Shipper+Consignee,2,63.5,63.5,0.0,127.0
Mt Lucky Trader,Shipper+Consignee,2,63.32,63.32,0.0,126.64
Soframe,Shipper+Consignee,2,120.0,5.7,0.0,125.7
Kestrel Liner Agencies Ltd.,Shipper+Consignee,2,90.13,31.75,0.0,121.88
"Hanwha Techwin Co., Ltd.",Shipper+Consignee,2,41.5,80.0,0.0,121.5
Intl Armored Group Zirhli,Shipper+Consignee,2,106.0,10.82,0.0,116.82
Intl Armored Group Us Inc.,Shipper+Consignee,2,10.82,106.0,0.0,116.82
Squadra Lupo Yachts,Shipper+Consignee,2,58.0,58.0,0.0,116.0
Thenamaris Ships Management Inc.,Shipper+Consignee,2,4.31,110.00999999999999,0.0,114.32
Technipfmc Guyana Inc.,Shipper+Consignee,2,71.94999999999999,41.99,0.0,113.94
Smitma Bv,Shipper+Consignee,2,72.19999999999999,40.72,0.0,112.91999999999999
Us Imp.,Shipper+Consignee,2,56.43000000000001,56.43000000000001,0.0,112.86000000000001
Strong's Marine Llc,Shipper+Consignee,2,56.0,56.0,0.0,112.0
Live Oak Combined Driving Inc.,Shipper+Consignee,2,55.28,55.28,0.0,110.56
Hansen Shipping (Uk) Ltd.,Shipper+Consignee,2,86.8,22.0,0.0,108.8
Mccloskey International Ltd.,Shipper+Consignee,2,43.88,63.44,0.0,107.32
Horizon Consultants S.A.,Shipper+Consignee,2,19.06,87.32,0.0,106.38
Triple B Forwarders,Shipper+Consignee,2,103.13,3.11,0.0,106.24
Pentrans Inc.,Shipper+Consignee,2,9.58,95.2,0.0,104.78
Central Oceans,Shipper+Consignee,2,85.8,17.37,0.0,103.17
Diamond Offshore Co.,Shipper+Consignee,2,1.77,99.8,0.0,101.57
Pcci Inc.,Shipper+Consignee,2,50.73,50.73,0.0,101.46
Peregrine Motors Llc,Shipper+Consignee,2,50.2,50.2,0.0,100.4
Fratelli Aprea Sorrento 1890 Usa L,Shipper+Consignee,2,50.0,50.0,0.0,100.0
Chasing Daylight Marine Llc,Shipper+Consignee,2,50.0,50.0,0.0,100.0
Obc Development 1 Corp.,Shipper+Consignee,2,50.0,50.0,0.0,100.0
Nmt Oceania (Pty) ) Ltd.,Shipper+Consignee,2,37.98,61.73,0.0,99.71
Man Energy Solutions,Shipper+Consignee,2,94.2,4.31,0.0,98.51
Alexander Dennis Ltd.,Shipper+Consignee,2,83.3,14.44,0.0,97.74
Hi Lite Airfield Services Llc,Shipper+Consignee,2,64.12,32.2,0.0,96.32000000000001
"Bahamas Power And Light Co., Ltd.",Shipper+Consignee,2,0.31,94.2,0.0,94.51
Enterprise 263,Shipper+Consignee,2,86.60000000000001,7.26,0.0,93.86000000000001
Starr Auto Depot,Shipper+Consignee,2,46.36,46.36,0.0,92.72
Cargojet S.A.,Shipper+Consignee,2,46.0,46.0,0.0,92.0
Zeelander Yachts,Shipper+Consignee,2,54.5,36.0,0.0,90.5
Trans Global Auto Logistics In,Shipper+Consignee,2,82.56,7.9,0.0,90.46000000000001
Dsv Air & Sea S.A.S.,Shipper+Consignee,2,58.02,32.0,0.0,90.02000000000001
Spencer 69 Llc,Shipper+Consignee,2,45.0,45.0,0.0,90.0
Tote Maritime Puerto Rico,Shipper+Consignee,2,44.910000000000004,44.910000000000004,0.0,89.82000000000001
Metro Motors,Shipper+Consignee,2,63.93999999999999,24.86,0.0,88.79999999999998
Gosselin Suisse Sa,Shipper+Consignee,2,85.06,3.6399999999999997,0.0,88.7
China Machinery Engineering Corp.,Shipper+Consignee,2,53.08,34.87,0.0,87.94999999999999
Ucomar N.V.,Shipper+Consignee,2,0.0,86.78,0.0,86.78
Gmv Enterprises Ltd.,Shipper+Consignee,2,80.0,4.58,0.0,84.58
Iconic Marine Group,Shipper+Consignee,2,42.260000000000005,42.260000000000005,0.0,84.52000000000001
Oac Shipping Co. Inc.,Shipper+Consignee,2,62.02,20.1,0.0,82.12
Key Construction,Shipper+Consignee,2,52.46,28.69,0.0,81.15
Spliethoff Transport Bv,Shipper+Consignee,2,40.0,40.0,0.0,80.0
Maxbet Llc,Shipper+Consignee,2,39.46,39.46,0.0,78.92
Boston Beer Co.,Shipper+Consignee,2,19.72,58.98,0.0,78.69999999999999
Csr Sa,Shipper+Consignee,2,58.98,19.72,0.0,78.69999999999999
Custom Builders,Shipper+Consignee,2,47.379999999999995,29.690000000000005,0.0,77.07
La Vigie Sailing 450 F Llc,Shipper+Consignee,2,38.0,38.0,0.0,76.0
Agencia Rojas Vela Y Asociados,Shipper+Consignee,2,11.3,64.0,0.0,75.3
Trading International Real Auto,Shipper+Consignee,2,70.21000000000001,4.98,0.0,75.19000000000001
Renault Sofasa,Shipper+Consignee,2,7.82,66.24,0.0,74.06
Yacht Sales International,Shipper+Consignee,2,37.0,37.0,0.0,74.0
Hanse Yachts Aktiengesellschaft,Shipper+Consignee,2,36.94,36.94,0.0,73.88
Blue Water Shipping A S,Shipper+Consignee,2,71.78999999999999,1.36,0.0,73.14999999999999
Oslo Caribbean Carrier,Shipper+Consignee,2,18.0,55.0,0.0,73.0
Emilio Adams,Shipper+Consignee,2,36.480000000000004,36.480000000000004,0.0,72.96000000000001
Ortalis Concrete,Shipper+Consignee,2,36.29,36.29,0.0,72.58
Air Center Helicopters Inc.,Shipper+Consignee,2,26.3,46.03,0.0,72.33
Seabridge,Shipper+Consignee,2,17.82,54.34,0.0,72.16
Adcom World Wide,Shipper+Consignee,2,44.88999999999999,26.78,0.0,71.66999999999999
Msc Poesia,Shipper+Consignee,2,68.61,0.6400000000000001,0.0,69.25
Jungerhans Maritime,Shipper+Consignee,2,47.13,21.57,0.0,68.7
Cesar Nicolas Amparo Garcia,Shipper+Consignee,2,8.96,59.2,0.0,68.16
Tighten Up Llc,Shipper+Consignee,2,34.02,34.02,0.0,68.04
Elling Shipbuilding Bv,Shipper+Consignee,2,34.0,34.0,0.0,68.0
Seatrade International Sa,Shipper+Consignee,2,34.0,34.0,0.0,68.0
Carina Voyager,Shipper+Consignee,2,26.720000000000002,40.0,0.0,66.72
Valaris 75,Shipper+Consignee,2,41.78,23.73,0.0,65.51
Vps Veritas Petrol Svcs Test Inspec,Shipper+Consignee,2,65.01,0.33,0.0,65.34
Delta Powerboats America,Shipper+Consignee,2,32.0,32.0,0.0,64.0
Mobil Equatorial Guinea Inc.,Shipper+Consignee,2,30.75,30.75,0.0,61.5
Romasco Group,Shipper+Consignee,2,44.39,17.03,0.0,61.42
Sauter Timber Llc,Shipper+Consignee,2,12.1,49.0,0.0,61.1
Anvera Yacht Us,Shipper+Consignee,2,30.0,30.0,0.0,60.0
Halekulani Llc,Shipper+Consignee,2,30.0,30.0,0.0,60.0
Goodfellow Equipment Llc,Shipper+Consignee,2,30.0,30.0,0.0,60.0
Mako Marine Ventures,Shipper+Consignee,2,30.0,30.0,0.0,60.0
Grupo Erh,Shipper+Consignee,2,30.0,30.0,0.0,60.0
Gorgeous Rides Co.,Shipper+Consignee,2,39.58999999999999,19.439999999999998,0.0,59.02999999999999
Galene Logistics,Shipper+Consignee,2,0.32,58.440000000000005,0.0,58.760000000000005
North American Shipping Agencies,Shipper+Consignee,2,0.01,58.699999999999996,0.0,58.709999999999994
Richard J. Dadeo Trustee Of The Ri,Shipper+Consignee,2,29.24,29.24,0.0,58.48
Mt Clearocean Marauder,Shipper+Consignee,2,29.1,29.1,0.0,58.2
Wet Kisses Llc,Shipper+Consignee,2,29.0,29.0,0.0,58.0
Space Exploration Techn,Shipper+Consignee,2,28.72,28.72,0.0,57.44
Trans Global Logistics Europe Gmb H,Shipper+Consignee,2,17.74,38.6,0.0,56.34
Caribbean Auto Mart,Shipper+Consignee,2,33.8,22.3,0.0,56.099999999999994
Specialized Utility And Fiber,Shipper+Consignee,2,28.03,28.03,0.0,56.06
Odfjell Usa (Houston) Inc.,Shipper+Consignee,2,56.0,0.04,0.0,56.04
Performance Boats S.A. De C.V.,Shipper+Consignee,2,28.0,28.0,0.0,56.0
Gulf Stream Transports,Shipper+Consignee,2,34.0,22.0,0.0,56.0
Bioforcetech Corp.,Shipper+Consignee,2,27.0,27.0,0.0,54.0
26 Degrees North Llc,Shipper+Consignee,2,26.6,26.6,0.0,53.2
Marco St. Croix Inc.,Shipper+Consignee,2,38.55,14.09,0.0,52.64
Heavy Materials Llc,Shipper+Consignee,2,26.31,26.31,0.0,52.62
Imc Construction Group,Shipper+Consignee,2,11.7,40.72,0.0,52.42
Little Seven Ilp,Shipper+Consignee,2,26.0,26.0,0.0,52.0
Solaris Power Srl,Shipper+Consignee,2,26.0,26.0,0.0,52.0
Laguna Marine Transportation Llc,Shipper+Consignee,2,26.0,26.0,0.0,52.0
Margaritaville At Sea Paradise,Shipper+Consignee,2,25.36,25.560000000000002,0.0,50.92
American Marine Safety,Shipper+Consignee,2,12.53,38.10000000000001,0.0,50.63000000000001
Margaritaville At Sea Islander,Shipper+Consignee,2,33.769999999999996,16.240000000000002,0.0,50.01
National Parts,Shipper+Consignee,2,42.92,6.36,0.0,49.28
Mobro Marine,Shipper+Consignee,2,24.14,24.22,0.0,48.36
Proteus Ltd.,Shipper+Consignee,2,24.0,24.0,0.0,48.0
Zarpo Llc,Shipper+Consignee,2,24.0,24.0,0.0,48.0
Pxgeo Usa Inc.,Shipper+Consignee,2,0.12,46.9,0.0,47.019999999999996
Woods Hole Oceanographic,Shipper+Consignee,2,23.55,23.08,0.0,46.629999999999995
Virtue Yacht Tender Llc,Shipper+Consignee,2,23.2,23.2,0.0,46.4
Vi Waste Management Authority,Shipper+Consignee,2,23.09,23.09,0.0,46.18
Flemings Transport Inc.,Shipper+Consignee,2,45.56,0.36,0.0,45.92
Kizbel (Bermuda) Ltd.,Shipper+Consignee,2,22.8,22.8,0.0,45.6
Sevenstar Yacht Transport Agency Uk,Shipper+Consignee,2,24.0,21.0,0.0,45.0
Bradford Marine,Shipper+Consignee,2,13.920000000000002,31.0,0.0,44.92
Airbus Helicopters,Shipper+Consignee,2,27.36,16.77,0.0,44.129999999999995
Plaza Extra East,Shipper+Consignee,2,0.32000000000000006,43.63,0.0,43.95
All American Marine Inc.,Shipper+Consignee,2,21.42,21.42,0.0,42.84
General Atomics Aeronautical,Shipper+Consignee,2,13.26,29.14,0.0,42.4
Streck Transportges Mbh,Shipper+Consignee,2,35.0,7.28,0.0,42.28
De Antonio Yachts,Shipper+Consignee,2,21.0,21.0,0.0,42.0
Wilhelmsen Ahrenkiel Ship Managemen,Shipper+Consignee,2,28.220000000000002,13.570000000000002,0.0,41.790000000000006
Regent Seven Seas Cruises,Shipper+Consignee,2,41.43,0.15000000000000002,0.0,41.58
Kotug Seabulk Maritime Llc,Shipper+Consignee,2,1.5799999999999998,40.0,0.0,41.58
Technipfmc,Shipper+Consignee,2,0.16,40.459999999999994,0.0,40.61999999999999
Cunard Line Ltd.,Shipper+Consignee,2,40.050000000000004,0.0,0.0,40.050000000000004
Biscayne Bay Pilots Inc.,Shipper+Consignee,2,20.0,20.0,0.0,40.0
Warrior Won Llc,Shipper+Consignee,2,20.0,20.0,0.0,40.0
Newmont Suriname Llc,Shipper+Consignee,2,29.259999999999998,10.42,0.0,39.68
Ramble On Ltd.,Shipper+Consignee,2,19.0,19.0,0.0,38.0
Hi Lite Airfield Services Llc.,Shipper+Consignee,2,2.64,34.559999999999995,0.0,37.199999999999996
Auto Exp. Corp.,Shipper+Consignee,2,8.0,29.1,0.0,37.1
J Benton Construction Llc,Shipper+Consignee,2,14.120000000000001,22.66,0.0,36.78
Gridiron Forwarding Co. Inc.,Shipper+Consignee,2,12.89,23.419999999999995,0.0,36.309999999999995
On Site Environmental,Shipper+Consignee,2,18.14,18.14,0.0,36.28
Ship Overseas,Shipper+Consignee,2,25.840000000000003,10.44,0.0,36.28
Lekker Boats International Bv,Shipper+Consignee,2,18.0,18.0,0.0,36.0
Askew,Shipper+Consignee,2,18.0,18.0,0.0,36.0
Bluenose Yachts Newport Ri Yacht,Shipper+Consignee,2,17.5,17.5,0.0,35.0
Zodiac Maritime Agencies Ltd.,Shipper+Consignee,2,17.34,17.34,0.0,34.68
Axopr Llc.,Shipper+Consignee,2,17.0,17.0,0.0,34.0
Old Lyme Dock Co.,Shipper+Consignee,2,16.8,16.8,0.0,33.6
Lisban Hire Ltd.,Shipper+Consignee,2,16.8,16.8,0.0,33.6
Bosch Rexroth Ag,Shipper+Consignee,2,33.3,0.1,0.0,33.4
Camilo Burgos Luciano,Shipper+Consignee,2,17.18,16.0,0.0,33.18
Miguel A Gomez Ortiz,Shipper+Consignee,2,16.28,16.28,0.0,32.56
Seanet Bd95008 Llc,Shipper+Consignee,2,16.2,16.2,0.0,32.4
Carnival Cruise,Shipper+Consignee,2,32.279999999999994,0.03,0.0,32.309999999999995
Island Offshore Management As,Shipper+Consignee,2,16.0,16.0,0.0,32.0
Coombs Country Autos,Shipper+Consignee,2,2.66,29.34,0.0,32.0
Apply A Line,Shipper+Consignee,2,15.27,15.27,0.0,30.54
Qx Maritime Llc,Shipper+Consignee,2,15.0,15.0,0.0,30.0
Bimini Shipping Llc.,Shipper+Consignee,2,13.95,15.91,0.0,29.86
Gulf Marine Contractors 27347,Shipper+Consignee,2,7.859999999999999,21.96,0.0,29.82
Rovop,Shipper+Consignee,2,14.89,14.319999999999999,0.0,29.21
Ensco 8503,Shipper+Consignee,2,14.51,14.51,0.0,29.02
Pmr Bahamas Realty,Shipper+Consignee,2,14.51,14.51,0.0,29.02
Intertransport Air Logistics S.A.,Shipper+Consignee,2,24.0,4.74,0.0,28.740000000000002
Lucky Wholesale,Shipper+Consignee,2,26.520000000000003,2.2,0.0,28.720000000000002
Geolabs Inc.,Shipper+Consignee,2,14.33,14.33,0.0,28.66
Wrist Ship Supply Usa,Shipper+Consignee,2,0.05,28.039999999999996,0.0,28.089999999999996
Owls Nest Holdings Llc.,Shipper+Consignee,2,14.0,14.0,0.0,28.0
Intrepid Monello Ltd.,Shipper+Consignee,2,14.0,14.0,0.0,28.0
Rk Power Generator Corp.,Shipper+Consignee,2,13.96,13.96,0.0,27.92
Rem Andes,Shipper+Consignee,2,27.73,0.05,0.0,27.78
Resorts World Bimini Bahamas (Rwbb),Shipper+Consignee,2,0.68,26.58,0.0,27.259999999999998
Water Spirit Freight Services,Shipper+Consignee,2,12.119999999999997,14.82,0.0,26.939999999999998
Usa 61957 Llc,Shipper+Consignee,2,13.0,13.0,0.0,26.0
La Rosa Del Monte Express,Shipper+Consignee,2,13.0,13.0,0.0,26.0
Ramon Cecilio Alonzo Blanco,Shipper+Consignee,2,12.99,12.99,0.0,25.98
Mcdermott Inc. Co Gmc,Shipper+Consignee,2,12.63,12.63,0.0,25.26
Enshore Subsea Ltd.,Shipper+Consignee,2,24.550000000000004,0.07,0.0,24.620000000000005
Jeffrey Howard & Associates,Shipper+Consignee,2,12.28,12.28,0.0,24.56
Precon Marine Inc.,Shipper+Consignee,2,12.06,12.06,0.0,24.12
Adamar My Llc,Shipper+Consignee,2,12.0,12.0,0.0,24.0
Linda Vista Aviation Inc.,Shipper+Consignee,2,12.0,12.0,0.0,24.0
Havila Subsea,Shipper+Consignee,2,19.319999999999997,4.63,0.0,23.949999999999996
Port Cargo & Logistics Llc,Shipper+Consignee,2,21.18,2.74,0.0,23.92
Anderson Air Force Base,Shipper+Consignee,2,11.79,11.79,0.0,23.58
Narita Motors,Shipper+Consignee,2,2.68,20.86,0.0,23.54
Freight Forwarders & Logisitics Ser,Shipper+Consignee,2,11.7,11.7,0.0,23.4
Capital Logistics International Llc,Shipper+Consignee,2,3.7,19.39,0.0,23.09
Frabel Sa De Cv,Shipper+Consignee,2,1.04,22.0,0.0,23.04
Landstar Global Logistics Inc.,Shipper+Consignee,2,15.88,7.15,0.0,23.03
Seal Dog 52 Llc,Shipper+Consignee,2,14.15,8.0,0.0,22.15
Cavalier Logistics,Shipper+Consignee,2,19.1,2.9,0.0,22.0
Marine Auto Design Services Llc,Shipper+Consignee,2,10.88,10.88,0.0,21.76
Jaca & Sierra Testing,Shipper+Consignee,2,12.08,9.08,0.0,21.16
Mfs Engineering,Shipper+Consignee,2,10.5,10.5,0.0,21.0
Fiat Chrysler Automobiles,Shipper+Consignee,2,8.88,12.11,0.0,20.990000000000002
Seabourn Quest,Shipper+Consignee,2,20.55,0.02,0.0,20.57
Naftilos Shipping Llc,Shipper+Consignee,2,10.190000000000001,10.190000000000001,0.0,20.380000000000003
Tayyaba Group Ltd.,Shipper+Consignee,2,2.92,17.32,0.0,20.240000000000002
Rafael Ceballo De La Rosa,Shipper+Consignee,2,10.0,10.0,0.0,20.0
Rodgers Yacht Sales Llc,Shipper+Consignee,2,10.0,10.0,0.0,20.0
Virgin Port Services,Shipper+Consignee,2,0.13,18.46,0.0,18.59
Explect Bv,Shipper+Consignee,2,9.0,9.0,0.0,18.0
Airbus Oneweb,Shipper+Consignee,2,8.67,8.67,0.0,17.34
Geoenvirotech Inc.,Shipper+Consignee,2,8.62,8.62,0.0,17.24
Blue Eagle Consol. Services,Shipper+Consignee,2,8.54,8.54,0.0,17.08
Carnival Dream,Shipper+Consignee,2,0.03,16.71,0.0,16.740000000000002
Atrmis Athene,Shipper+Consignee,2,11.979999999999999,4.67,0.0,16.65
Grain De Sail,Shipper+Consignee,2,15.17,1.35,0.0,16.52
Bamitel,Shipper+Consignee,2,10.399999999999999,5.88,0.0,16.279999999999998
Ucm Holland,Shipper+Consignee,2,11.059999999999999,5.1,0.0,16.159999999999997
Ruby Princess,Shipper+Consignee,2,16.03,0.05,0.0,16.080000000000002
3 G Boat Llc,Shipper+Consignee,2,8.0,8.0,0.0,16.0
Maritime Endeavors Shipping Co.,Shipper+Consignee,2,0.43000000000000005,15.43,0.0,15.86
Vincie Llc,Shipper+Consignee,2,7.929999999999999,7.929999999999999,0.0,15.859999999999998
Bp Ocean Llc,Shipper+Consignee,2,4.86,10.88,0.0,15.740000000000002
Driller Sas,Shipper+Consignee,2,10.62,5.0,0.0,15.62
Transportes Y Gruas Industriales S,Shipper+Consignee,2,5.1,10.2,0.0,15.299999999999999
Roadtown Wholesale Trading Ltd.,Shipper+Consignee,2,14.940000000000001,0.26,0.0,15.200000000000001
Cartwright International Van Lines,Shipper+Consignee,2,6.58,8.52,0.0,15.1
Jungerhans,Shipper+Consignee,2,0.6,14.399999999999999,0.0,14.999999999999998
Coastal Ship Services,Shipper+Consignee,2,7.16,7.8,0.0,14.96
North Ocean Co Mcdermott Inc.,Shipper+Consignee,2,7.33,7.33,0.0,14.66
"Waida Mfg. Co., Ltd.",Shipper+Consignee,2,7.29,7.29,0.0,14.58
Ivadell Shipping International Inc.,Shipper+Consignee,2,7.26,7.26,0.0,14.52
Global Imp.,Shipper+Consignee,2,7.02,7.02,0.0,14.04
"Synergy Maritime Pvt., Ltd.",Shipper+Consignee,2,13.700000000000001,0.14,0.0,13.840000000000002
Complete Marine Freight,Shipper+Consignee,2,10.0,3.7,0.0,13.7
Alexander & Blake Ltd.,Shipper+Consignee,2,3.5,10.08,0.0,13.58
Alcinor Auto Sales,Shipper+Consignee,2,6.71,6.71,0.0,13.42
Gac North America Logistics 162,Shipper+Consignee,2,1.34,11.96,0.0,13.3
Indoeuropa Automotive Ltd.,Shipper+Consignee,2,4.4,8.8,0.0,13.200000000000001
Autong Inc.,Shipper+Consignee,2,10.4,2.66,0.0,13.06
Peters And May Usa,Shipper+Consignee,2,7.44,5.28,0.0,12.72
Hybrid Services Llc,Shipper+Consignee,2,6.35,6.35,0.0,12.7
Z Motorz,Shipper+Consignee,2,1.94,10.68,0.0,12.62
Global Imp. Llc,Shipper+Consignee,2,6.26,6.26,0.0,12.52
Mv Fulmar Explorer Co Gulf Marine,Shipper+Consignee,2,4.529999999999999,7.82,0.0,12.35
Salemwolf Llc,Shipper+Consignee,2,6.0,6.0,0.0,12.0
East Coast Yacht Sales Inc.,Shipper+Consignee,2,6.0,6.0,0.0,12.0
Wilhelmsen Ship Management,Shipper+Consignee,2,11.980000000000002,0.0,0.0,11.980000000000002
Cruises Logistics Usa,Shipper+Consignee,2,0.05,11.69,0.0,11.74
Vivot Equipment,Shipper+Consignee,2,0.4,11.34,0.0,11.74
Overlander Shipping Hamburg E.K.,Shipper+Consignee,2,7.2,4.4,0.0,11.600000000000001
Ramon Misla Villalba,Shipper+Consignee,2,5.800000000000001,5.800000000000001,0.0,11.600000000000001
Premium Utility Contractor,Shipper+Consignee,2,5.67,5.67,0.0,11.34
"Navig8 Shipmanagement Pte., Ltd.",Shipper+Consignee,2,11.27,0.03,0.0,11.299999999999999
Caribbean Pavement Solutions Ltd.,Shipper+Consignee,2,2.27,8.82,0.0,11.09
At Construction Solutions,Shipper+Consignee,2,4.48,6.44,0.0,10.920000000000002
"A.E. Parnell & Co., Ltd.",Shipper+Consignee,2,10.88,0.04,0.0,10.92
Asi Auto Shipment Gmb H,Shipper+Consignee,2,2.8,7.52,0.0,10.32
Wartsila Global Logistics Services,Shipper+Consignee,2,0.39,9.85,0.0,10.24
"Marlow Navigation Co., Ltd.",Shipper+Consignee,2,9.450000000000001,0.6100000000000001,0.0,10.06
Jsm At Stelton Iii Llc,Shipper+Consignee,2,5.0,5.0,0.0,10.0
Wallenius Wilhelmsen,Shipper+Consignee,2,5.7700000000000005,3.92,0.0,9.690000000000001
Gsm Fuji Llc,Shipper+Consignee,2,2.58,7.109999999999999,0.0,9.69
Baobab Commercial Supply Llc,Shipper+Consignee,2,6.67,2.99,0.0,9.66
Caribbean Trading,Shipper+Consignee,2,0.86,8.56,0.0,9.42
Nielsen Brown,Shipper+Consignee,2,4.6,4.6,0.0,9.2
Vi Recycling,Shipper+Consignee,2,4.54,4.54,0.0,9.08
Omsc Ltd. Overseas Military Sales,Shipper+Consignee,2,4.52,4.52,0.0,9.04
Interlodge Sailing Llc,Shipper+Consignee,2,4.5,4.5,0.0,9.0
Marlog Car Handling,Shipper+Consignee,2,2.68,6.209999999999999,0.0,8.889999999999999
Sevenstar Yacht Transport,Shipper+Consignee,2,4.36,4.36,0.0,8.72
Clipper Quito,Shipper+Consignee,2,8.440000000000001,0.04,0.0,8.48
Eduvigis A. Camacho Lora,Shipper+Consignee,2,4.15,4.15,0.0,8.3
Premium Car Rental,Shipper+Consignee,2,4.1,4.1,0.0,8.2
Geoquip Marine,Shipper+Consignee,2,0.11,8.08,0.0,8.19
Best Shipping,Shipper+Consignee,2,3.77,4.24,0.0,8.01
Navistar,Shipper+Consignee,2,4.27,3.69,0.0,7.959999999999999
Crowley Liner Services Inc.,Shipper+Consignee,2,7.87,0.06,0.0,7.93
Us Customs & Border Prote,Shipper+Consignee,2,3.86,3.86,0.0,7.72
Customs And Border Protection,Shipper+Consignee,2,3.76,3.76,0.0,7.52
Carisbrooke Shipping,Shipper+Consignee,2,4.77,2.64,0.0,7.41
Bree Dail,Shipper+Consignee,2,3.7,3.7,0.0,7.4
Island Site Development,Shipper+Consignee,2,5.9,1.5,0.0,7.4
Mfs Marine Freight Services,Shipper+Consignee,2,0.0,7.36,0.0,7.36
Bahamas Industrial Technology,Shipper+Consignee,2,0.5700000000000001,6.65,0.0,7.220000000000001
Princes Cruises 24300,Shipper+Consignee,2,6.92,0.05,0.0,6.97
M T Chem Mercury,Shipper+Consignee,2,3.4,3.4,0.0,6.8
Kies Kars,Shipper+Consignee,2,3.3,3.3,0.0,6.6
Hoheplate Ug & Co Kg,Shipper+Consignee,2,3.3,3.24,0.0,6.54
Antwon Dance,Shipper+Consignee,2,3.24,3.24,0.0,6.48
Eletson Corp.,Shipper+Consignee,2,6.3,0.01,0.0,6.31
Cris Guns,Shipper+Consignee,2,3.1500000000000004,3.1500000000000004,0.0,6.300000000000001
Sanco Holding,Shipper+Consignee,2,6.159999999999999,0.1,0.0,6.259999999999999
Us Customs & Border Protection,Shipper+Consignee,2,6.040000000000001,0.18,0.0,6.220000000000001
Buckeye Bahamas Hub Ltd.,Shipper+Consignee,2,5.870000000000001,0.34,0.0,6.210000000000001
Coral Princess,Shipper+Consignee,2,6.14,0.03,0.0,6.17
Alonza Gmb H,Shipper+Consignee,2,2.98,2.98,0.0,5.96
Crystal Hills,Shipper+Consignee,2,2.98,2.98,0.0,5.96
Carnival Celebration,Shipper+Consignee,2,0.7300000000000001,5.159999999999999,0.0,5.89
Tupperware Us. Inc.,Shipper+Consignee,2,2.82,2.82,0.0,5.64
Gac North America Shipping,Shipper+Consignee,2,4.39,1.09,0.0,5.4799999999999995
Bw Fleet Management As,Shipper+Consignee,2,5.3999999999999995,0.02,0.0,5.419999999999999
Lazarus Services Ltd.,Shipper+Consignee,2,3.4399999999999995,1.87,0.0,5.31
Hella Kgaa,Shipper+Consignee,2,5.26,0.01,0.0,5.27
Onego Shipping & Chartering,Shipper+Consignee,2,2.62,2.62,0.0,5.24
Fugro Usa Marine Inc.,Shipper+Consignee,2,4.0,1.23,0.0,5.23
Majestic Princess,Shipper+Consignee,2,2.21,2.85,0.0,5.0600000000000005
Alfa Laval Technologies Ab,Shipper+Consignee,2,4.58,0.46,0.0,5.04
Tms Tankers Ltd.,Shipper+Consignee,2,5.04,0.0,0.0,5.04
Virgin Island Water & Power Authori,Shipper+Consignee,2,2.64,2.23,0.0,4.87
Sanco Sword,Shipper+Consignee,2,4.6899999999999995,0.02,0.0,4.709999999999999
Artemis Voyager,Shipper+Consignee,2,2.7,2.0,0.0,4.7
Geo Resolution,Shipper+Consignee,2,2.5,2.16,0.0,4.66
Wartsila Deutschland Gmb H,Shipper+Consignee,2,0.52,4.02,0.0,4.539999999999999
Alstom Ferroviaria Sp A,Shipper+Consignee,2,2.3200000000000003,2.2,0.0,4.5200000000000005
Kloska Gmb H,Shipper+Consignee,2,4.1499999999999995,0.35,0.0,4.499999999999999
Subcom Llc,Shipper+Consignee,2,0.63,3.7199999999999998,0.0,4.35
Boats Ltd.,Shipper+Consignee,2,2.16,2.16,0.0,4.32
Hapag Lloyd Sp A In S.L.,Shipper+Consignee,2,2.12,2.12,0.0,4.24
Bulk Ship Management,Shipper+Consignee,2,0.35,3.8800000000000003,0.0,4.23
Shipworkx Engineering Llc,Shipper+Consignee,2,2.11,2.11,0.0,4.22
Sable International,Shipper+Consignee,2,2.1,2.1,0.0,4.2
Horizon Auto Shipping Inc.,Shipper+Consignee,2,0.8,3.4,0.0,4.2
A3 Services Inc.,Shipper+Consignee,2,2.0,2.0,0.0,4.0
General Steamship Corp. Ltd.,Shipper+Consignee,2,1.98,2.0,0.0,3.98
Columbia Shipmanagement Deutschland,Shipper+Consignee,2,3.93,0.03,0.0,3.96
Exmar Shipmanagement,Shipper+Consignee,2,3.3600000000000003,0.56,0.0,3.9200000000000004
Ari Armaturen Albert Richter Gmb H,Shipper+Consignee,2,3.51,0.33999999999999997,0.0,3.8499999999999996
M V Enchantment Of The Seas,Shipper+Consignee,2,1.7400000000000002,1.97,0.0,3.71
"Taiyo Electric Co., Ltd.",Shipper+Consignee,2,1.1,2.58,0.0,3.68
Manitoba,Shipper+Consignee,2,3.22,0.46,0.0,3.68
Collins Aerospace,Shipper+Consignee,2,0.42,3.18,0.0,3.6
Bulkship Management As,Shipper+Consignee,2,2.49,1.06,0.0,3.5500000000000003
Cosco Container Lines,Shipper+Consignee,2,1.7600000000000002,1.7600000000000002,0.0,3.5200000000000005
Briese Schiffahrts,Shipper+Consignee,2,1.7600000000000002,1.6400000000000001,0.0,3.4000000000000004
Navios Ship Tankers Management,Shipper+Consignee,2,3.4,0.0,0.0,3.4
"Contemar Shipping Co., Ltd.",Shipper+Consignee,2,3.38,0.01,0.0,3.3899999999999997
Liberty Blue Shipmanagement Gmb H,Shipper+Consignee,2,1.68,1.68,0.0,3.36
Fulmar Explorer,Shipper+Consignee,2,0.0,3.2699999999999996,0.0,3.2699999999999996
Haugland Virgin Islands,Shipper+Consignee,2,1.62,1.62,0.0,3.24
Waterfront Maritime Servics,Shipper+Consignee,2,0.0,3.22,0.0,3.22
K International Transport Co. Inc.,Shipper+Consignee,2,1.59,1.59,0.0,3.18
Home Fabrics Ltd.,Shipper+Consignee,2,1.59,1.59,0.0,3.18
Lighthouse Shipping Agency,Shipper+Consignee,2,0.11,3.04,0.0,3.15
Construction Helicopters Inc.,Shipper+Consignee,2,1.56,1.56,0.0,3.12
Saintnals Llc,Shipper+Consignee,2,1.82,1.28,0.0,3.1
Euronav Ship Management Ltd.,Shipper+Consignee,2,3.0300000000000002,0.02,0.0,3.0500000000000003
Waterfront Marine Services,Shipper+Consignee,2,2.9599999999999995,0.07999999999999999,0.0,3.0399999999999996
A 9 Trucking,Shipper+Consignee,2,1.94,1.04,0.0,2.98
Hunter Food And Spirits,Shipper+Consignee,2,0.42,2.5,0.0,2.92
Galeon Sp.Z.O.O. Sp.K.,Shipper+Consignee,2,1.46,1.46,0.0,2.92
Front Line Systems,Shipper+Consignee,2,1.36,1.36,0.0,2.72
The Market Stx,Shipper+Consignee,2,1.78,0.86,0.0,2.64
Coleman American Moving Services In,Shipper+Consignee,2,1.31,1.31,0.0,2.62
Rhl Reederei Hamburger Lloyd Gmb H,Shipper+Consignee,2,2.0,0.6,0.0,2.6
Nirvana Explorer,Shipper+Consignee,2,2.5700000000000003,0.02,0.0,2.5900000000000003
Master Of Warnowborg,Shipper+Consignee,2,0.88,1.66,0.0,2.54
Windstar Cruises,Shipper+Consignee,2,1.2799999999999998,1.22,0.0,2.5
Fillette Green Shipping Services,Shipper+Consignee,2,0.0,2.4799999999999995,0.0,2.4799999999999995
Margaritaville At Sea Paradisemar,Shipper+Consignee,2,1.32,1.12,0.0,2.4400000000000004
Oceanus Maritime Servicess,Shipper+Consignee,2,1.2200000000000002,1.1500000000000001,0.0,2.37
M T Nord Superior,Shipper+Consignee,2,1.16,1.16,0.0,2.32
Polaris Voyager,Shipper+Consignee,2,0.6300000000000001,1.66,0.0,2.29
Reederei F. Laeisz Gmb H,Shipper+Consignee,2,0.01,2.18,0.0,2.19
Emc Gas Corp.,Shipper+Consignee,2,2.14,0.01,0.0,2.15
American Roll On Roll Off Carrier,Shipper+Consignee,2,1.8900000000000001,0.25,0.0,2.14
Master Of Silver Millie,Shipper+Consignee,2,0.12,2.0,0.0,2.12
Quebec,Shipper+Consignee,2,0.0,2.12,0.0,2.12
Techcross Inc.,Shipper+Consignee,2,0.3,1.77,0.0,2.07
Webber Italia Srl,Shipper+Consignee,2,1.02,1.02,0.0,2.04
Budget Marine Vi,Shipper+Consignee,2,0.04,1.94,0.0,1.98
Budget Marine N.V.,Shipper+Consignee,2,1.94,0.04,0.0,1.98
Tote Services Inc.,Shipper+Consignee,2,0.8099999999999999,1.1400000000000001,0.0,1.9500000000000002
Gaslog Lng Services Ltd.,Shipper+Consignee,2,1.78,0.0,0.0,1.78
Houston Voyager,Shipper+Consignee,2,1.62,0.12,0.0,1.7400000000000002
Bulbous Environmental & Logistics,Shipper+Consignee,2,0.15,1.53,0.0,1.68
Royal Princess,Shipper+Consignee,2,0.4,1.2700000000000002,0.0,1.6700000000000004
Discovery Princess,Shipper+Consignee,2,0.01,1.5900000000000003,0.0,1.6000000000000003
Mann Hummel Water E Fluid Solutions,Shipper+Consignee,2,0.77,0.77,0.0,1.54
Sanco Spirit,Shipper+Consignee,2,1.42,0.11,0.0,1.53
Seabird Exploration As Co Gulf Mar,Shipper+Consignee,2,0.03,1.45,0.0,1.48
Silversea Cruises Ltd.,Shipper+Consignee,2,1.42,0.04,0.0,1.46
M T Ethane Opal V. 18,Shipper+Consignee,2,0.22,1.24,0.0,1.46
"Five Star Shipping Co., Ltd.",Shipper+Consignee,2,0.54,0.81,0.0,1.35
Goodwood Ship Management,Shipper+Consignee,2,1.3,0.04,0.0,1.34
Eastern Pacific,Shipper+Consignee,2,1.34,0.0,0.0,1.34
Lindblad Expeditions,Shipper+Consignee,2,0.66,0.66,0.0,1.32
Marvel Eagle,Shipper+Consignee,2,0.3,1.0,0.0,1.3
Marinetrans,Shipper+Consignee,2,1.14,0.15000000000000002,0.0,1.29
Amazon Co Mcdermott Inc.,Shipper+Consignee,2,0.64,0.64,0.0,1.28
Electrolux Home Products,Shipper+Consignee,2,0.62,0.62,0.0,1.24
Sgs Canada Inc. Agri Insp. Services,Shipper+Consignee,2,0.7999999999999998,0.43999999999999995,0.0,1.2399999999999998
Goltens Houston,Shipper+Consignee,2,0.33,0.8700000000000001,0.0,1.2000000000000002
Mt Amberjack Lng,Shipper+Consignee,2,1.19,0.0,0.0,1.19
Aal Pusan,Shipper+Consignee,2,0.59,0.59,0.0,1.18
Focal Shipping Services Llc,Shipper+Consignee,2,0.4,0.76,0.0,1.1600000000000001
Seletar Spirit,Shipper+Consignee,2,1.04,0.06,0.0,1.1
Msc Ocean One,Shipper+Consignee,2,0.22999999999999998,0.8300000000000001,0.0,1.06
Mt Oslo Bulk 6,Shipper+Consignee,2,1.02,0.03,0.0,1.05
Swift Marine,Shipper+Consignee,2,0.11,0.9199999999999999,0.0,1.03
Valles Steamship (Canada) Inc.,Shipper+Consignee,2,1.01,0.01,0.0,1.02
Energy Endeavour,Shipper+Consignee,2,1.02,0.0,0.0,1.02
Mt Eagle San Antonio,Shipper+Consignee,2,1.02,0.0,0.0,1.02
"Fouma Shipping Co., Ltd.",Shipper+Consignee,2,0.5,0.49,0.0,0.99
Prosolar Pr,Shipper+Consignee,2,0.48,0.48,0.0,0.96
M T Nord Swift,Shipper+Consignee,2,0.0,0.95,0.0,0.95
Eco Innovations,Shipper+Consignee,2,0.46,0.46,0.0,0.92
Danners,Shipper+Consignee,2,0.3,0.58,0.0,0.8799999999999999
Seaboard Globe,Shipper+Consignee,2,0.06,0.7999999999999999,0.0,0.8599999999999999
Marine Freight Services,Shipper+Consignee,2,0.38000000000000006,0.46,0.0,0.8400000000000001
On Site Enviromental (Stx),Shipper+Consignee,2,0.4,0.4,0.0,0.8
Cool Carriers Ab,Shipper+Consignee,2,0.4,0.4,0.0,0.8
Ahk Group,Shipper+Consignee,2,0.39,0.39,0.0,0.78
M V Exhibitionist,Shipper+Consignee,2,0.75,0.01,0.0,0.76
La Mancha Knutsen,Shipper+Consignee,2,0.21,0.46,0.0,0.67
Helsinki,Shipper+Consignee,2,0.16,0.5,0.0,0.66
Sk Telink,Shipper+Consignee,2,0.4,0.2,0.0,0.6000000000000001
Mastec Network Solutions,Shipper+Consignee,2,0.3,0.3,0.0,0.6
Kohaku,Shipper+Consignee,2,0.02,0.58,0.0,0.6
Stl Huangpu,Shipper+Consignee,2,0.43,0.16,0.0,0.59
Sgs Canada Inc.,Shipper+Consignee,2,0.09,0.48,0.0,0.57
Mt Xanthos,Shipper+Consignee,2,0.54,0.01,0.0,0.55
Exuma Resort Developers Ltd.,Shipper+Consignee,2,0.17,0.33999999999999997,0.0,0.51
Bob Lynch (Stx),Shipper+Consignee,2,0.46,0.03,0.0,0.49
Sea World Mgmt And Trading,Shipper+Consignee,2,0.0,0.47000000000000003,0.0,0.47000000000000003
Alpine Legend 142,Shipper+Consignee,2,0.45,0.0,0.0,0.45
Club Med Columbus Isle,Shipper+Consignee,2,0.44,0.0,0.0,0.44
Sanco Shipping As,Shipper+Consignee,2,0.42000000000000004,0.01,0.0,0.43000000000000005
Rki Honduras,Shipper+Consignee,2,0.0,0.41,0.0,0.41
Fulmar Explorer Co Seabird Explora,Shipper+Consignee,2,0.30000000000000004,0.1,0.0,0.4
Green Sky,Shipper+Consignee,2,0.02,0.36,0.0,0.38
Delft Schiffahrt Gmb H & Co. Kg,Shipper+Consignee,2,0.18,0.18,0.0,0.36
Cresques,Shipper+Consignee,2,0.33999999999999997,0.0,0.0,0.33999999999999997
Cartier,Shipper+Consignee,2,0.15,0.18,0.0,0.32999999999999996
Paradise Cruise Line Operator Ltd.,Shipper+Consignee,2,0.16,0.16,0.0,0.32
Carib Supply Of St. Croix Inc.,Shipper+Consignee,2,0.14,0.14,0.0,0.28
Botan,Shipper+Consignee,2,0.26,0.0,0.0,0.26
Straightline Logistics Inc.,Shipper+Consignee,2,0.0,0.25,0.0,0.25
Master Of Brussel,Shipper+Consignee,2,0.22999999999999998,0.02,0.0,0.24999999999999997
Sun Princess,Shipper+Consignee,2,0.04,0.2,0.0,0.24000000000000002
Valhalla Ship Agency,Shipper+Consignee,2,0.02,0.22,0.0,0.24
Master Of Pasco Marsel,Shipper+Consignee,2,0.22000000000000003,0.01,0.0,0.23000000000000004
Carnival Cruise Line Mail Room,Shipper+Consignee,2,0.02,0.20999999999999996,0.0,0.22999999999999995
Aal Kobe,Shipper+Consignee,2,0.11,0.11,0.0,0.22
Kj Trading Llc,Shipper+Consignee,2,0.11,0.11,0.0,0.22
Ocean Breeze,Shipper+Consignee,2,0.1,0.1,0.0,0.2
Athens Spirit,Shipper+Consignee,2,0.0,0.2,0.0,0.2
Atlas Copco,Shipper+Consignee,2,0.13,0.06,0.0,0.19
Hellman Wordlwide Logistics,Shipper+Consignee,2,0.02,0.16,0.0,0.18
Ecospray Technologies Srl,Shipper+Consignee,2,0.04,0.13,0.0,0.17
Whilhelmsen Ships Services,Shipper+Consignee,2,0.0,0.16,0.0,0.16
Tru Marine Rotterdam,Shipper+Consignee,2,0.08,0.08,0.0,0.16
Hartmann Gas Carriers Germany Gmb H,Shipper+Consignee,2,0.04,0.12,0.0,0.16
Gmb Marine Shipping Agency Inc.,Shipper+Consignee,2,0.09,0.05,0.0,0.14
Tokyo,Shipper+Consignee,2,0.08,0.06,0.0,0.14
Nordrose,Shipper+Consignee,2,0.1,0.04,0.0,0.14
Mt Evrotas,Shipper+Consignee,2,0.12000000000000001,0.01,0.0,0.13
Sp Cruises Opco Ltd.,Shipper+Consignee,2,0.06,0.06999999999999999,0.0,0.13
Sti Dama,Shipper+Consignee,2,0.06,0.06,0.0,0.12
Atlantic Ship Agencies Inc.,Shipper+Consignee,2,0.06,0.06,0.0,0.12
Gac N. America,Shipper+Consignee,2,0.01,0.09,0.0,0.09999999999999999
Geodis Australia,Shipper+Consignee,2,0.07,0.02,0.0,0.09000000000000001
Reg,Shipper+Consignee,2,0.0,0.07,0.0,0.07
Eagle Exploerer,Shipper+Consignee,2,0.01,0.05,0.0,0.060000000000000005
Toll Global Forwarding,Shipper+Consignee,2,0.05,0.01,0.0,0.060000000000000005
Marine Logistic Service And Transpo,Shipper+Consignee,2,0.02,0.02,0.0,0.04
Master Of Silver Eleanor,Shipper+Consignee,2,0.04,0.0,0.0,0.04
Ing Buero Querin Gmb H,Shipper+Consignee,2,0.01,0.02,0.0,0.03
Seaworld Management And Trading Inc.,Shipper+Consignee,2,0.02,0.01,0.0,0.03
Kaupang,Shipper+Consignee,2,0.02,0.01,0.0,0.03
Mv Sety,Shipper+Consignee,2,0.01,0.01,0.0,0.02
Reederei Nord Gmb H,Shipper+Consignee,2,0.01,0.01,0.0,0.02
Fulmar Explorer Gmc,Shipper+Consignee,2,0.01,0.01,0.0,0.02
"Iino Marine Service Co., Ltd.",Shipper+Consignee,2,0.01,0.01,0.0,0.02
Nova Scotia,Shipper+Consignee,2,0.01,0.0,0.0,0.01
Hafnia Tagus,Shipper+Consignee,2,0.0,0.0,0.0,0.0
Epic Samos,Shipper+Consignee,2,0.0,0.0,0.0,0.0
Radiant Global Logistics,Shipper+Consignee,2,0.0,0.0,0.0,0.0
Desmi Pumping Technology A/S,Shipper+Consignee,2,0.0,0.0,0.0,0.0
Hellespont Protector,Shipper+Consignee,2,0.0,0.0,0.0,0.0
