Port,Coast,Region,Total_Tonnage,Num_Commodities,HHI,Shannon_Entropy,Top3_Concentration_Pct,Specialization_Type,Regional_Pattern,Top1_Commodity,Top1_Tonnage,Top1_Share_Pct,Top2_Commodity,Top2_Tonnage,Top2_Share_Pct,Top3_Commodity,Top3_Tonnage,Top3_Share_Pct
"Houston, Houston, Texas",Gulf,North Texas,56677930.96,14,0.23252231144345184,1.65184528606898,72.25730409760885,Moderately Specialized,Gulf - Diversified Hub,General Cargo,21447177.53,37.840438362395716,Crude Oil,10841662.74,19.1285436083604,Chemicals,8665104.66,15.28832212685274
"Port of New Orleans, New Orleans, Louisiana",Gulf,Gulf East,30703959.840000004,12,0.35735852896351017,1.4504297442202232,81.8236988353226,Moderately Specialized,Gulf - Chemical/Petroleum Products,General Cargo,17147928.78,55.84924182209326,Crude Oil,5043188.5,16.425205498835744,Petroleum Products,2931998.35,9.54925151439359
"Port Arthur, Texas",Gulf,North Texas,25958058.51,10,0.6543424064328497,0.80638754726155,92.27535688299827,Moderately Specialized,Gulf - Crude Oil Terminal,Crude Oil,20843995.66,80.2987467339675,Petroleum Products,1835334.73,7.070385211178107,Chemicals,1273560.74,4.906224937852642
"New York/Newark Area, Newark, New Jersey",East,North Atlantic,25565468.33,8,0.2320437421562951,1.5265932413973495,76.62853059105294,Moderately Specialized,East - General,Chemicals,7311600.83,28.599518442696176,Petroleum Products,6947030.81,27.173493246153257,General Cargo,5331811.08,20.855518902203503
"Port of Long Beach, Long Beach, California",West,California,21708400.460000005,10,0.3255539805151253,1.4126184600753344,81.18077162097828,Moderately Specialized,West - Asian Imports Hub,Petroleum Products,11063373.4,50.96355864811607,Crude Oil,4480531.74,20.639621736552392,General Cargo,2079141.86,9.577591236309816
"Port of Richmond, Richmond, California",West,California,21177962.25,6,0.7209696443013327,0.6372635617675376,95.23951654036024,Moderately Specialized,West - General,Crude Oil,17893298.25,84.49017917198337,Construction Materials,1327166.0,6.266731351832493,Petroleum Products,949324.61,4.482606016544391
"Philadelphia Regional Port Authority, Philadelphia, Pennsylvania",East,Mid-Atlantic,20339157.62,11,0.21868573635211833,1.8030929193886749,68.97965123296979,Diversified,East - Steel/Aggregates,General Cargo,7429573.13,36.52842103300441,Crude Oil,5006375.61,24.614468816924386,Ro/Ro,1593931.25,7.8367613830409955
"Alabama State Port Authority, Mobile, Alabama",Gulf,Gulf East,17137559.470000003,10,0.3689355087286326,1.3436584753270262,82.77876330543815,Moderately Specialized,Gulf - Chemical/Petroleum Products,General Cargo,9698390.13,56.59143092677478,Crude Oil,3016934.46,17.604224599665237,Petroleum Products,1470935.2,8.583107778998125
"Corpus Christi, Corpus Christi, Texas",Gulf,South Texas,16169381.309999999,9,0.37387526944466815,1.2044301725725053,93.16798052553317,Moderately Specialized,Gulf - Crude Oil Terminal,General Cargo,8259398.68,51.080486764771585,Crude Oil,5121064.42,31.67136900181124,Petroleum Products,1684222.93,10.416124758950348
"Baltimore, Maryland",East,Mid-Atlantic,15806675.729999997,12,0.36276099886634283,1.2909798164645772,89.34693392359485,Moderately Specialized,East - Steel/Aggregates,General Cargo,8255988.85,52.231025618692826,Ro/Ro,4351115.67,27.527076181754513,Forestry,1515675.6,9.588832123147505
"The Port of Los Angeles, Los Angeles, California",West,California,15150104.7,10,0.31665155898299563,1.4125249951662342,85.68398573509528,Moderately Specialized,West - Asian Imports Hub,Crude Oil,6384582.51,42.142167571950836,Petroleum Products,5408619.26,35.700210441449954,General Cargo,1188011.78,7.841607721694492
"Port of Gramercy, Gramercy, Louisiana",Gulf,Gulf East,13964575.870000001,11,0.7106456460359829,0.6529632955799778,97.34854940495947,Moderately Specialized,Gulf - General,General Cargo,11693411.88,83.73624798101369,Crude Oil,988087.28,7.0756698176756005,Petroleum Products,912812.88,6.536631606270187
"Tampa, Florida",Gulf,Gulf East,10863741.15,11,0.31599238001368274,1.3933426423290454,87.95376830199973,Moderately Specialized,Gulf - General,Construction Materials,4399589.03,40.49791843576833,General Cargo,4011760.18,36.92798019216428,Chemicals,1143720.51,10.527869674067114
"The Port of Charleston, Charleston, South Carolina",East,South Atlantic,9436920.98,11,0.39841340302024475,1.2675557613976247,89.45873837337143,Moderately Specialized,East - General,General Cargo,5498264.25,58.263328278923446,Chemicals,2051226.36,21.736182430129876,Construction Materials,892659.84,9.459227664318112
"San Juan, San Juan, Puerto Rico","Alaska, US Islands","Alaska, US Islands",8999126.71,10,0.40656260957430507,1.0845592635688068,94.60409286758448,Moderately Specialized,Other,General Cargo,4408805.62,48.99148286356333,Petroleum Products,3625697.47,40.28943681803098,Ro/Ro,479039.1,5.323173185990177
"Baton Rouge (BTR) Airport, Baton Rouge, Louisiana",Gulf,Gulf East,8883591.5,7,0.40655300895486934,1.1510922711902098,91.04921866342008,Moderately Specialized,Gulf - Chemical/Petroleum Products,Chemicals,5077213.14,57.1527083387389,General Cargo,2347913.71,26.429780230214323,Crude Oil,663313.8,7.466730094466861
"Georgia Ports Authority, Savannah, Georgia",East,South Atlantic,8648100.840000002,10,0.389085262072038,1.3858015772160406,83.68649815605063,Moderately Specialized,East - General,General Cargo,5129046.14,59.308352607044746,Chemicals,1334788.61,15.434470928301526,Construction Materials,773458.0,8.943674620704352
"Jacksonville, Florida",East,South Atlantic,7583105.140000001,9,0.24586189589009122,1.5741015090716484,76.53493843024837,Moderately Specialized,East - Aggregates/Petroleum,Construction Materials,2837148.35,37.41407111757387,Ro/Ro,1767358.76,23.30653112901452,Forestry,1199217.74,15.814336183659982
"Port of Pascagoula, Pascagoula, Mississippi",Gulf,Gulf East,6843224.419999999,4,0.6169555832960241,0.697276890736186,99.99999970774013,Moderately Specialized,Gulf - General,Crude Oil,5247834.76,76.68657986230416,Petroleum Products,997010.88,14.569314387617293,General Cargo,598378.76,8.744105457818671
"Freeport, Freeport, Texas",Gulf,North Texas,6688615.890000001,9,0.36401751934470405,1.2600942839433111,85.81933249571011,Moderately Specialized,Gulf - General,Crude Oil,3655867.08,54.658050934959576,Petroleum Products,1250493.25,18.695844858868103,Ro/Ro,833765.18,12.465436701882428
