Rule_ID,Phase,Tier,Priority,HS2,HS4,HS6,Keywords,Exclude_Keywords,Pckg,Group,Commodity,Cargo,Cargo_Detail,Lock_Group,Lock_Commodity,Lock_Cargo,Lock_Cargo_Detail,Estimated_Tonnage,Note
PETRO-ALKYLATE,7,3,1,27,2710,,ALKYLATE,,,Liquid Bulk,Petroleum,Refined Products,Alkylate,TRUE,TRUE,FALSE,FALSE,5000000,High-octane gasoline blending component
PETRO-HEATING-OIL,7,3,1,27,2710,,"HEATING OIL, FUEL OIL",,,Liquid Bulk,Petroleum,Refined Products,Heating Oil,TRUE,TRUE,FALSE,FALSE,8000000,Distillate fuel oil for heating
PETRO-GASOLINE,7,3,1,27,2710,,"GASOLINE, GASOLINA",,,Liquid Bulk,Petroleum,Refined Products,Gasoline,TRUE,TRUE,FALSE,FALSE,10000000,Motor gasoline including reformulated
PETRO-NAPHTHA,7,3,1,27,2710,,NAPHTHA,,,Liquid Bulk,Petroleum,Refined Products,Naphtha,TRUE,TRUE,FALSE,FALSE,8000000,Petrochemical feedstock
PETRO-JET-FUEL,7,3,1,27,2710,,"JET FUEL, AVIATION",,,Liquid Bulk,Petroleum,Refined Products,Jet Fuel,TRUE,TRUE,FALSE,FALSE,5000000,Aviation turbine fuel
PETRO-KEROSENE,7,3,1,27,2710,,KEROSENE,,,Liquid Bulk,Petroleum,Refined Products,Kerosene,TRUE,TRUE,FALSE,FALSE,3000000,Lamp oil and jet fuel precursor
PETRO-DIESEL,7,3,1,27,2710,,"DIESEL, GASOIL, GAS OIL",CRUDE,LBK,Liquid Bulk,Petroleum,Refined Products,Diesel Fuel,TRUE,TRUE,FALSE,FALSE,5000000,Ultra-low sulfur diesel and gasoil
PETRO-LPG,7,3,1,27,2711,,"LPG, PROPANE, BUTANE",,,Liquid Bulk,Petroleum,LPG,LPG,TRUE,TRUE,TRUE,FALSE,2000000,Liquefied petroleum gas
STEEL-COIL-HOT,7,3,1,72,,,"STEEL COIL, HOT DIP, GALVANIZED",,BLK,Dry Bulk,Metals,Steel Products,Steel Coils,TRUE,TRUE,FALSE,FALSE,12000000,Hot-dipped galvanized steel coils
STEEL-COIL-COLD,7,3,1,72,,,"COLD ROLLED, CR COIL",,BLK,Dry Bulk,Metals,Steel Products,Steel Coils - Cold Rolled,TRUE,TRUE,FALSE,FALSE,4000000,Cold-rolled steel coils
STEEL-PLATE,7,3,1,72,,"7225,7226","STEEL PLATE, PLATE STEEL",,BLK,Dry Bulk,Metals,Steel Products,Steel Plate,TRUE,TRUE,FALSE,FALSE,3000000,Flat-rolled steel plate
STEEL-BILLET,7,3,1,72,,7207,STEEL BILLET,,BLK,Dry Bulk,Metals,Steel Products,Steel Billets,TRUE,TRUE,FALSE,FALSE,2000000,Semi-finished steel products
STEEL-SLAB,7,3,1,72,,7207,"STEEL SLAB, SLAB",,BLK,Dry Bulk,Metals,Steel Products,Steel Slabs,TRUE,TRUE,FALSE,FALSE,1000000,Semi-finished flat steel
CHEM-ORG-LBK,7,3,1,29,,,,,LBK,Liquid Bulk,Chemicals,Organic Chemicals,Organic Chemicals - Bulk,TRUE,TRUE,FALSE,FALSE,8000000,General catch-all for bulk organic chemicals
CHEM-ALCOHOL,7,3,1,29,2905,,ALCOHOL,,,Liquid Bulk,Chemicals,Organic Chemicals,Alcohols,TRUE,TRUE,FALSE,FALSE,3000000,Industrial alcohols
CHEM-CHLOROBENZENE,7,3,1,29,2903,,CHLOROBENZENE,,,Liquid Bulk,Chemicals,Organic Chemicals,Chlorobenzene,TRUE,TRUE,TRUE,FALSE,2000000,Aromatic hydrocarbon solvent
CHEM-MTBE,7,3,1,29,2909,,"MTBE, METHYL TERTIARY BUTYL ETHER",,,Liquid Bulk,Chemicals,Organic Chemicals,MTBE,TRUE,TRUE,TRUE,FALSE,1500000,Gasoline additive
CHEM-GLYCOL,7,3,1,29,2905,,"GLYCOL, ETHYLENE GLYCOL, MEG, DEG",,,Liquid Bulk,Chemicals,Organic Chemicals,Glycols,TRUE,TRUE,FALSE,FALSE,2000000,Antifreeze and polyester precursor
MACHINERY-EXCAVATOR,7,3,2,84,8429,,"EXCAVATOR, BULLDOZER, LOADER, BACKHOE",,,Dry Bulk,General Cargo,Project Cargo,Heavy Construction Equipment,TRUE,TRUE,FALSE,FALSE,3000000,Heavy earthmoving machinery
MACHINERY-CATERPILLAR,7,3,2,84,8429,,"CATERPILLAR, CAT ",,,Dry Bulk,General Cargo,Project Cargo,Heavy Construction Equipment,TRUE,TRUE,FALSE,FALSE,2000000,Caterpillar brand equipment
MACHINERY-HANDLING,7,3,2,84,8428,,"CARGO HANDLING, MATERIAL HANDLER, CRANE",,,Dry Bulk,General Cargo,Project Cargo,Cargo Handling Equipment,TRUE,TRUE,FALSE,FALSE,1500000,Port and terminal equipment
ORE-SLAG,7,3,3,26,2619,,"SLAG, BLAST FURNACE SLAG",,BLK,Dry Bulk,Industrial Minerals,Slag,Blast Furnace Slag,TRUE,TRUE,TRUE,FALSE,2000000,Steel production byproduct
ORE-CHROMITE,7,3,3,26,2610,,CHROMITE,,BLK,Dry Bulk,Industrial Minerals,Ores,Chromite Ore,TRUE,TRUE,FALSE,FALSE,1000000,Chromium ore
ORE-BAUXITE,7,3,3,26,2606,,BAUXITE,,BLK,Dry Bulk,Industrial Minerals,Ores,Bauxite,TRUE,TRUE,TRUE,FALSE,1000000,Aluminum ore
FEED-SOYBEAN-MEAL,7,3,3,23,2304,,"SOYBEAN MEAL, SOY MEAL",,BLK,Dry Bulk,Agricultural Products,Animal Feed,Soybean Meal,TRUE,TRUE,FALSE,FALSE,2000000,Livestock feed from soybeans
FEED-SUNFLOWER-MEAL,7,3,3,23,2306,,"SUNFLOWER MEAL, SUNFLOWER PELLET",,BLK,Dry Bulk,Agricultural Products,Animal Feed,Sunflower Meal,TRUE,TRUE,FALSE,FALSE,500000,Livestock feed from sunflowers
FERT-CALCIUM-NITRATE,7,3,3,31,3102,,"CALCIUM NITRATE, CAN",,BLK,Dry Bulk,Agricultural Products,Fertilizers,Calcium Nitrate,TRUE,TRUE,FALSE,FALSE,1500000,Nitrogen fertilizer
FERT-POTASSIUM,7,3,3,31,3104,,"POTASSIUM, POTASH, K2O, KALISOP",,BLK,Dry Bulk,Agricultural Products,Fertilizers,Potassium Fertilizer,TRUE,TRUE,FALSE,FALSE,800000,Potassium-based fertilizers
FERT-PHOSPHATE,7,3,3,31,3103,,"TRIPLE, GTSP, PHOSPHATE",,BLK,Dry Bulk,Agricultural Products,Fertilizers,Phosphate Fertilizer,TRUE,TRUE,FALSE,FALSE,500000,Phosphorus fertilizers
CHEM-FATTY-ACID,7,3,3,38,3823,,"FATTY ACID, STEARIC ACID",,LBK,Liquid Bulk,Chemicals,Fatty Acids,Fatty Acids,TRUE,TRUE,TRUE,FALSE,1200000,Industrial fatty acids for soap/detergent
CHEM-GRAPHITE,7,3,3,38,3801,,GRAPHITE,,BLK,Dry Bulk,Industrial Minerals,Graphite,Artificial Graphite,TRUE,TRUE,TRUE,FALSE,800000,Carbon electrodes and lubricants
CHEM-SILICON-CARBIDE,7,3,3,28,2849,,"SILICON CARBIDE, SIC",,BLK,Dry Bulk,Industrial Minerals,Silicon Carbide,Silicon Carbide,TRUE,TRUE,TRUE,FALSE,1000000,Abrasive and refractory material
CHEM-SULFATE-MN,7,3,3,28,2833,,"MANGANESE SULPHATE, MANGANESE SULFATE",,BLK,Dry Bulk,Chemicals,Inorganic Chemicals,Manganese Sulfate,TRUE,TRUE,FALSE,FALSE,500000,Fertilizer and feed additive
CHEM-SULFATE-ZN,7,3,3,28,2833,,"ZINC SULPHATE, ZINC SULFATE",,BLK,Dry Bulk,Chemicals,Inorganic Chemicals,Zinc Sulfate,TRUE,TRUE,FALSE,FALSE,300000,Fertilizer and animal nutrition
CHEM-SULFATE-FE,7,3,3,28,2833,,"FERROUS SULFATE, FERROUS SULPHATE",,BLK,Dry Bulk,Chemicals,Inorganic Chemicals,Ferrous Sulfate,TRUE,TRUE,FALSE,FALSE,200000,Water treatment and fertilizer
