Entity,Entity_ID,Port_of_Loading,Port_of_Discharge,HS2,HS4,Total_Tons,Record_Count,Pct_of_Entity,Entity_Total_Tons
PMI Trading,PMI-001,"Dos Bocas, Mexico","Port Arthur, Texas",27.0,2709.0,6148673.43,89,15.2,40577035.15
PMI Trading,PMI-001,"Cayo Arcas, Mexico","Houston, Houston, Texas",27.0,2709.0,2732820.62,33,6.7,40577035.15
PMI Trading,PMI-001,"Dos Bocas, Mexico","Houston, Houston, Texas",27.0,2709.0,2523413.63,32,6.2,40577035.15
PMI Trading,PMI-001,"Pajaritos, Mexico","Alabama State Port Authority, Mobile, Alabama",27.0,2709.0,2348425.87,44,5.8,40577035.15
PMI Trading,PMI-001,"Pajaritos, Mexico","Corpus Christi, Corpus Christi, Texas",27.0,2709.0,2023220.14,37,5.0,40577035.15
PMI Trading,PMI-001,"Cayo Arcas, Mexico","Alabama State Port Authority, Mobile, Alabama",27.0,2709.0,1983770.67,27,4.9,40577035.15
PMI Trading,PMI-001,"Campeche, Mexico","Port Arthur, Texas",27.0,2709.0,1600683.99,22,3.9,40577035.15
PMI Trading,PMI-001,"Coatzacoalcos, Mexico","Corpus Christi, Corpus Christi, Texas",27.0,2709.0,1315104.56,27,3.2,40577035.15
PMI Trading,PMI-001,"Altamira, Mexico","Houston, Houston, Texas",27.0,2710.0,1037700.73,48,2.6,40577035.15
PMI Trading,PMI-001,"Salina Cruz, Mexico","Port of New Orleans, New Orleans, Louisiana",27.0,2710.0,1014003.08,22,2.5,40577035.15
PMI Trading,PMI-001,"All Other Mexico East Coast Region Ports, Mexico","Houston, Houston, Texas",27.0,2709.0,962467.14,12,2.4,40577035.15
PMI Trading,PMI-001,"Dos Bocas, Mexico","Corpus Christi, Corpus Christi, Texas",27.0,2709.0,921942.43,16,2.3,40577035.15
PMI Trading,PMI-001,"Pajaritos, Mexico","Houston, Houston, Texas",27.0,2710.0,846635.85,32,2.1,40577035.15
PMI Trading,PMI-001,"Dos Bocas, Mexico","Alabama State Port Authority, Mobile, Alabama",27.0,2709.0,812584.69,14,2.0,40577035.15
PMI Trading,PMI-001,"Coatzacoalcos, Mexico","Houston, Houston, Texas",27.0,2710.0,691868.45,26,1.7,40577035.15
PMI Trading,PMI-001,"Altamira, Mexico","Port Arthur, Texas",27.0,2709.0,654588.57,23,1.6,40577035.15
PMI Trading,PMI-001,"Pajaritos, Mexico","Port of Morgan City, Morgan City, Louisiana",27.0,2709.0,530557.47,8,1.3,40577035.15
PMI Trading,PMI-001,"Pajaritos, Mexico","Philadelphia Regional Port Authority, Philadelphia, Pennsylvania",27.0,2709.0,529154.68,12,1.3,40577035.15
PMI Trading,PMI-001,"Pajaritos, Mexico","Port of Texas City, Texas City, Texas",27.0,2709.0,516021.07,12,1.3,40577035.15
PMI Trading,PMI-001,"Coatzacoalcos, Mexico","Port of Texas City, Texas City, Texas",27.0,2709.0,510067.51999999996,13,1.3,40577035.15
Chevron,CHEVRON-001,"Armuelles, Panama","The Port of Los Angeles, Los Angeles, California",27.0,2709.0,7846076.39,121,28.0,28006106.28
Chevron,CHEVRON-001,"High Seas,North Pacific","Port of Richmond, Richmond, California",27.0,2709.0,4821247.0,95,17.2,28006106.28
Chevron,CHEVRON-001,"Orangestad, Aruba","Port Arthur, Texas",27.0,2709.0,3269361.51,94,11.7,28006106.28
Chevron,CHEVRON-001,"Orangestad, Aruba","Corpus Christi, Corpus Christi, Texas",27.0,2709.0,2033406.07,96,7.3,28006106.28
Chevron,CHEVRON-001,"Skikda, Algeria","Port of Richmond, Richmond, California",27.0,2710.0,1481085.81,18,5.3,28006106.28
Chevron,CHEVRON-001,"Armuelles, Panama","Port of Richmond, Richmond, California",27.0,2709.0,1166238.28,25,4.2,28006106.28
Chevron,CHEVRON-001,"Mina Saud, Kuwait","Houston, Houston, Texas",27.0,2709.0,595110.2999999999,12,2.1,28006106.28
Chevron,CHEVRON-001,"Mina Saud, Kuwait","Alabama State Port Authority, Mobile, Alabama",27.0,2709.0,520810.4,10,1.9,28006106.28
Chevron,CHEVRON-001,"Freeport, Grand Bahama I, Bahamas","Port of Pascagoula, Pascagoula, Mississippi",27.0,2710.0,517539.87,10,1.8,28006106.28
Chevron,CHEVRON-001,"High Seas,Gulf Of Mexico","Alabama State Port Authority, Mobile, Alabama",27.0,2709.0,466050.98,10,1.7,28006106.28
Chevron,CHEVRON-001,"Antwerp, Belgium","The Port of Los Angeles, Los Angeles, California",27.0,2710.0,312086.16000000003,6,1.1,28006106.28
Chevron,CHEVRON-001,"High Seas,North Pacific","The Port of Los Angeles, Los Angeles, California",27.0,2709.0,290758.0,4,1.0,28006106.28
Chevron,CHEVRON-001,"Armuelles, Panama","Port of Long Beach, Long Beach, California",27.0,2709.0,282073.0,6,1.0,28006106.28
Chevron,CHEVRON-001,"Whiffen Head, Nfld, Canada","Port of Wilmington, Wilmington, Delaware",27.0,2709.0,267968.0,6,1.0,28006106.28
Chevron,CHEVRON-001,"Vancouver, BC, Canada","The Port of Los Angeles, Los Angeles, California",27.0,2709.0,241576.44,3,0.9,28006106.28
Chevron,CHEVRON-001,"All Other Panama West Coast Region Ports, Panama","The Port of Los Angeles, Los Angeles, California",27.0,2710.0,225684.34,8,0.8,28006106.28
Chevron,CHEVRON-001,"Whiffen Head, Nfld, Canada","Alabama State Port Authority, Mobile, Alabama",27.0,2709.0,224713.94,6,0.8,28006106.28
Chevron,CHEVRON-001,"Freeport, Grand Bahama I, Bahamas","Alabama State Port Authority, Mobile, Alabama",27.0,2709.0,220574.36,4,0.8,28006106.28
Chevron,CHEVRON-001,"Mina Saud, Kuwait","Port of Richmond, Richmond, California",27.0,2709.0,192190.0,4,0.7,28006106.28
Chevron,CHEVRON-001,"San Nicolas Bay, Aruba","Port Arthur, Texas",27.0,2709.0,181953.96,6,0.6,28006106.28
Irving Oil,IRVING-001,"Saint John, Nb, Canada","Port Of Boston, Boston, Massachusetts",27.0,2710.0,6289557.48,875,33.2,18945928.94
Irving Oil,IRVING-001,"Saint John, Nb, Canada","Port of Portland, Portland, Maine",27.0,2710.0,5015076.7,933,26.5,18945928.94
Irving Oil,IRVING-001,"Saint John, Nb, Canada","ProvPort, Providence, Rhode Island",27.0,2710.0,2579730.18,305,13.6,18945928.94
Irving Oil,IRVING-001,"Saint John, Nb, Canada","Port Of NewHampshire, Portsmouth, New Hampshire",27.0,2710.0,1289093.0,166,6.8,18945928.94
Irving Oil,IRVING-001,"Saint John, Nb, Canada","Searsport, Maine",27.0,2710.0,1051859.82,173,5.6,18945928.94
Irving Oil,IRVING-001,"Saint John, Nb, Canada","Port of New Haven, New Haven, Connecticut",27.0,2710.0,533168.0,53,2.8,18945928.94
Irving Oil,IRVING-001,"Saint John, Nb, Canada","Wilmington, Wilmington, North Carolina",27.0,2710.0,380910.14,59,2.0,18945928.94
Irving Oil,IRVING-001,"Saint John, Nb, Canada","Baltimore, Maryland",27.0,2710.0,328212.0,43,1.7,18945928.94
Irving Oil,IRVING-001,"Saint John, Nb, Canada","San Juan, San Juan, Puerto Rico",27.0,2710.0,214103.9,16,1.1,18945928.94
Irving Oil,IRVING-001,"Saint John, Nb, Canada","Bangor, Maine",27.0,2710.0,206676.0,30,1.1,18945928.94
Irving Oil,IRVING-001,"Saint John, Nb, Canada","Port Of Entry-Perth Amboy, Perth Amboy, New Jersey",27.0,2710.0,190052.0,17,1.0,18945928.94
Irving Oil,IRVING-001,"Saint John, Nb, Canada","New York/Newark Area, Newark, New Jersey",27.0,2710.0,153207.28,10,0.8,18945928.94
Irving Oil,IRVING-001,"Saint John, Nb, Canada","The Port of Charleston, Charleston, South Carolina",27.0,2710.0,141570.0,26,0.7,18945928.94
Irving Oil,IRVING-001,"Saint John, Nb, Canada","Philadelphia Regional Port Authority, Philadelphia, Pennsylvania",27.0,2710.0,113919.0,9,0.6,18945928.94
Irving Oil,IRVING-001,"Saint John, Nb, Canada","Port of Virginia, Norfolk, Virginia",27.0,2710.0,93220.0,18,0.5,18945928.94
Irving Oil,IRVING-001,"Saint John, Nb, Canada","Albany, New York",27.0,2710.0,81987.0,10,0.4,18945928.94
Irving Oil,IRVING-001,"Saint John, Nb, Canada","New York, New York",27.0,2710.0,78324.0,10,0.4,18945928.94
Irving Oil,IRVING-001,"Saint John, Nb, Canada","Ponce, Ponce, Puerto Rico",27.0,2710.0,70417.26,5,0.4,18945928.94
Irving Oil,IRVING-001,"Saint John, Nb, Canada","Georgia Ports Authority, Savannah, Georgia",27.0,2710.0,30660.0,2,0.2,18945928.94
Irving Oil,IRVING-001,"Saint John, Nb, Canada","Bridgeport, Connecticut",27.0,2710.0,23044.0,3,0.1,18945928.94
State Oil Marketing Company (SOMO),SOMO-001,"High Seas,North Pacific","Port of Richmond, Richmond, California",27.0,2709.0,7584064.98,163,48.3,15692342.02
State Oil Marketing Company (SOMO),SOMO-001,"Al Basrah, Iraq","Port of Long Beach, Long Beach, California",27.0,2709.0,5862183.07,37,37.4,15692342.02
State Oil Marketing Company (SOMO),SOMO-001,"Khor Al Zubair, Iraq","Port of New Orleans, New Orleans, Louisiana",27.0,2710.0,754704.5700000001,14,4.8,15692342.02
State Oil Marketing Company (SOMO),SOMO-001,"High Seas,North Pacific","The Port of Los Angeles, Los Angeles, California",27.0,2709.0,514674.48,16,3.3,15692342.02
State Oil Marketing Company (SOMO),SOMO-001,"Khor Al Zubair, Iraq","Port of Christiansted, Christiansted, Virgin Islands",27.0,2710.0,184718.0,4,1.2,15692342.02
State Oil Marketing Company (SOMO),SOMO-001,"Al Basrah, Iraq","Corpus Christi, Corpus Christi, Texas",27.0,2709.0,140372.0,1,0.9,15692342.02
State Oil Marketing Company (SOMO),SOMO-001,"Khor Al Zubair, Iraq","Port of Texas City, Texas City, Texas",27.0,2710.0,122845.95999999999,3,0.8,15692342.02
State Oil Marketing Company (SOMO),SOMO-001,"High Seas,North Pacific","Port of Long Beach, Long Beach, California",27.0,2709.0,121274.56,3,0.8,15692342.02
State Oil Marketing Company (SOMO),SOMO-001,"All Other Iraq Ports, Iraq","Port of New Orleans, New Orleans, Louisiana",27.0,2710.0,92152.88,4,0.6,15692342.02
State Oil Marketing Company (SOMO),SOMO-001,"All Other Iraq Ports, Iraq","Port of Texas City, Texas City, Texas",27.0,2710.0,84237.2,2,0.5,15692342.02
State Oil Marketing Company (SOMO),SOMO-001,"Fujairah, United Arab Emirates","Corpus Christi, Corpus Christi, Texas",27.0,2709.0,80485.32,1,0.5,15692342.02
State Oil Marketing Company (SOMO),SOMO-001,"High Seas,Gulf Of Mexico","Port of Texas City, Texas City, Texas",27.0,2710.0,77164.0,2,0.5,15692342.02
State Oil Marketing Company (SOMO),SOMO-001,"Al Basrah, Iraq","Philadelphia Regional Port Authority, Philadelphia, Pennsylvania",27.0,2709.0,49449.0,1,0.3,15692342.02
State Oil Marketing Company (SOMO),SOMO-001,"Al Basrah, Iraq","Port of Wilmington, Wilmington, Delaware",27.0,2709.0,24009.0,1,0.2,15692342.02
State Oil Marketing Company (SOMO),SOMO-001,"Fort De France, Martinique","San Juan, San Juan, Puerto Rico",87.0,8704.0,7.0,2,0.0,15692342.02
Bolanter Corporation,BOLANTER-001,"High Seas,Gulf Of Mexico","Port Arthur, Texas",27.0,2709.0,14980445.959999999,216,100.0,14980445.959999999
Ecopetrol,ECOPETROL-001,"High Seas,Gulf Of Mexico","Houston, Houston, Texas",27.0,2709.0,2917066.45,40,24.4,11950543.91
Ecopetrol,ECOPETROL-001,"All Other Colombian Caribbean Region Ports, Colombia","Houston, Houston, Texas",27.0,2709.0,2446156.42,31,20.5,11950543.91
Ecopetrol,ECOPETROL-001,"Covenas, Colombia","Houston, Houston, Texas",27.0,2709.0,1952831.56,23,16.3,11950543.91
Ecopetrol,ECOPETROL-001,"All Other Colombian Caribbean Region Ports, Colombia","Corpus Christi, Corpus Christi, Texas",27.0,2709.0,1406549.08,19,11.8,11950543.91
Ecopetrol,ECOPETROL-001,"Covenas, Colombia","Corpus Christi, Corpus Christi, Texas",27.0,2709.0,1394692.04,19,11.7,11950543.91
Ecopetrol,ECOPETROL-001,"Alert Bay, Bc, Canada","Port of Wilmington, Wilmington, Delaware",27.0,2709.0,213296.09999999998,5,1.8,11950543.91
Ecopetrol,ECOPETROL-001,"All Other Colombian Caribbean Region Ports, Colombia","Port of Texas City, Texas City, Texas",27.0,2709.0,161920.19,5,1.4,11950543.91
Ecopetrol,ECOPETROL-001,"High Seas,Gulf Of Mexico","Corpus Christi, Corpus Christi, Texas",27.0,2709.0,143768.0,2,1.2,11950543.91
Ecopetrol,ECOPETROL-001,"Tumaco, Colombia","Port of Long Beach, Long Beach, California",27.0,2709.0,113798.0,2,1.0,11950543.91
Ecopetrol,ECOPETROL-001,"Covenas, Colombia","Port of Wilmington, Wilmington, Delaware",27.0,2709.0,113592.33,3,1.0,11950543.91
Ecopetrol,ECOPETROL-001,"Cartagena, Colombia","Port Of Entry-Miami Seaport, Miami, Florida",27.0,2710.0,101689.44,6,0.9,11950543.91
Ecopetrol,ECOPETROL-001,"Covenas, Colombia","Port of Morgan City, Morgan City, Louisiana",27.0,2709.0,76737.89,1,0.6,11950543.91
Ecopetrol,ECOPETROL-001,"All Other Colombian Caribbean Region Ports, Colombia","Philadelphia Regional Port Authority, Philadelphia, Pennsylvania",27.0,2709.0,76106.82,2,0.6,11950543.91
Ecopetrol,ECOPETROL-001,"Barranquilla, Colombia","San Juan, San Juan, Puerto Rico",27.0,2710.0,75262.0,8,0.6,11950543.91
Ecopetrol,ECOPETROL-001,"All Other Colombian Caribbean Region Ports, Colombia","Port of Wilmington, Wilmington, Delaware",27.0,2709.0,75235.0,2,0.6,11950543.91
Ecopetrol,ECOPETROL-001,"Covenas, Colombia","Alabama State Port Authority, Mobile, Alabama",27.0,2709.0,68389.0,1,0.6,11950543.91
Ecopetrol,ECOPETROL-001,"Barranquilla, Colombia","Ponce, Ponce, Puerto Rico",27.0,2710.0,59436.45,7,0.5,11950543.91
Ecopetrol,ECOPETROL-001,"Mamonal, Colombia","Georgia Ports Authority, Savannah, Georgia",27.0,2710.0,58916.66,2,0.5,11950543.91
Ecopetrol,ECOPETROL-001,"Barranquilla, Colombia","Port of New Orleans, New Orleans, Louisiana",27.0,2710.0,54615.0,7,0.5,11950543.91
Ecopetrol,ECOPETROL-001,"Balao, Ecuador","Port of Long Beach, Long Beach, California",27.0,2709.0,52430.76,1,0.4,11950543.91
Valero,VALERO-001,"High Seas,South Pacific","Port of Long Beach, Long Beach, California",27.0,2709.0,2852981.08,51,25.5,11177163.43
Valero,VALERO-001,"High Seas,South Pacific","Carquinez Strait, California",27.0,2709.0,2241917.32,44,20.1,11177163.43
Valero,VALERO-001,"Pembroke, United Kingdom","Port Of Boston, Boston, Massachusetts",27.0,2710.0,1445210.62,107,12.9,11177163.43
Valero,VALERO-001,"Quebec, Que, Canada","Port of New Haven, New Haven, Connecticut",27.0,2710.0,722641.72,37,6.5,11177163.43
Valero,VALERO-001,"Quebec, Que, Canada","Port Of Boston, Boston, Massachusetts",27.0,2710.0,482952.82,36,4.3,11177163.43
Valero,VALERO-001,"Quebec, Que, Canada","Houston, Houston, Texas",27.0,2710.0,301119.51,11,2.7,11177163.43
Valero,VALERO-001,"Pembroke, United Kingdom","New York/Newark Area, Newark, New Jersey",27.0,2710.0,255657.91999999998,18,2.3,11177163.43
Valero,VALERO-001,"High Seas,Gulf Of Mexico","Port Arthur, Texas",27.0,2709.0,248509.22,4,2.2,11177163.43
Valero,VALERO-001,"Pembroke, United Kingdom","Port of New Haven, New Haven, Connecticut",27.0,2710.0,167662.89,23,1.5,11177163.43
Valero,VALERO-001,"Milford Haven, United Kingdom","Port Of Boston, Boston, Massachusetts",27.0,2710.0,151502.0,14,1.4,11177163.43
Valero,VALERO-001,"High Seas,Gulf Of Mexico","Carquinez Strait, California",27.0,2709.0,133104.0,2,1.2,11177163.43
Valero,VALERO-001,"Levis, Que, Canada","Port Of Boston, Boston, Massachusetts",27.0,2710.0,130598.0,6,1.2,11177163.43
Valero,VALERO-001,"High Seas,Gulf Of Mexico","Corpus Christi, Corpus Christi, Texas",27.0,2709.0,130334.0,2,1.2,11177163.43
Valero,VALERO-001,"Cristobal, Panama","Port of Long Beach, Long Beach, California",27.0,2709.0,125631.0,2,1.1,11177163.43
Valero,VALERO-001,"Quebec, Que, Canada","New York/Newark Area, Newark, New Jersey",27.0,2710.0,107230.3,5,1.0,11177163.43
Valero,VALERO-001,"Pembroke, United Kingdom","Port of Christiansted, Christiansted, Virgin Islands",27.0,2710.0,106665.06,6,1.0,11177163.43
Valero,VALERO-001,"Vancouver, BC, Canada","Port of Long Beach, Long Beach, California",40.0,4002.0,103600.0,3,0.9,11177163.43
Valero,VALERO-001,"Milford Haven, United Kingdom","Port of Christiansted, Christiansted, Virgin Islands",27.0,2710.0,96103.44,8,0.9,11177163.43
Valero,VALERO-001,"High Seas,Gulf Of Mexico","Port of Texas City, Texas City, Texas",27.0,2709.0,92766.0,3,0.8,11177163.43
Valero,VALERO-001,"Quebec, Que, Canada","Port of New Orleans, New Orleans, Louisiana",27.0,2709.0,86386.18,4,0.8,11177163.43
Trafigura,TRAFIGURA-001,"Armuelles, Panama","The Port of Los Angeles, Los Angeles, California",27.0,2709.0,594342.28,20,5.8,10188833.72
Trafigura,TRAFIGURA-001,"Cartagena, Colombia","Port of Wilmington, Wilmington, Delaware",27.0,2709.0,577686.0,10,5.7,10188833.72
Trafigura,TRAFIGURA-001,"Al Basrah, Iraq","Port of Long Beach, Long Beach, California",27.0,2709.0,550616.0,4,5.4,10188833.72
Trafigura,TRAFIGURA-001,"Balboa, Panama","The Port of Los Angeles, Los Angeles, California",27.0,2709.0,516725.35,6,5.1,10188833.72
Trafigura,TRAFIGURA-001,"Covenas, Colombia","Houston, Houston, Texas",27.0,2709.0,455364.0,12,4.5,10188833.72
Trafigura,TRAFIGURA-001,"All Other Argentina Ports, Argentina","Service Port-Honolulu, Honolulu, Hawaii",27.0,2709.0,434989.64,18,4.3,10188833.72
Trafigura,TRAFIGURA-001,"All Other Argentina Ports, Argentina","Port Of Anacortes, Anacortes, Washington",27.0,2709.0,354288.0,36,3.5,10188833.72
Trafigura,TRAFIGURA-001,"Covenas, Colombia","Port of Pascagoula, Pascagoula, Mississippi",27.0,2709.0,292985.58,6,2.9,10188833.72
Trafigura,TRAFIGURA-001,"Pennington, Nigeria","Port of Wilmington, Wilmington, Delaware",27.0,2709.0,244492.0,2,2.4,10188833.72
Trafigura,TRAFIGURA-001,"Covenas, Colombia","Philadelphia Regional Port Authority, Philadelphia, Pennsylvania",27.0,2709.0,218350.0,6,2.1,10188833.72
Trafigura,TRAFIGURA-001,"Covenas, Colombia","Port of Wilmington, Wilmington, Delaware",27.0,2709.0,215666.02000000002,10,2.1,10188833.72
Trafigura,TRAFIGURA-001,"Bahia Blanca, Argentina","Port of Long Beach, Long Beach, California",27.0,2709.0,214047.12,12,2.1,10188833.72
Trafigura,TRAFIGURA-001,"Balboa, Panama","Port of Long Beach, Long Beach, California",27.0,2709.0,209906.86,3,2.1,10188833.72
Trafigura,TRAFIGURA-001,"Pennington, Nigeria","Port of Chester, Chester, Pennsylvania",27.0,2709.0,163124.0,2,1.6,10188833.72
Trafigura,TRAFIGURA-001,"All Other Colombian Caribbean Region Ports, Colombia","Port Arthur, Texas",27.0,2709.0,159148.0,2,1.6,10188833.72
Trafigura,TRAFIGURA-001,"All Other Estonia Ports, Estonia","San Juan, San Juan, Puerto Rico",27.0,2710.0,151754.0,7,1.5,10188833.72
Trafigura,TRAFIGURA-001,"Cartagena, Colombia","Port of Texas City, Texas City, Texas",27.0,2709.0,151418.0,2,1.5,10188833.72
Trafigura,TRAFIGURA-001,"Cartagena, Colombia","Port of New Orleans, New Orleans, Louisiana",27.0,2709.0,151348.0,2,1.5,10188833.72
Trafigura,TRAFIGURA-001,"Cartagena, Colombia","Port Arthur, Texas",27.0,2709.0,150420.0,2,1.5,10188833.72
Trafigura,TRAFIGURA-001,"Al Basrah, Iraq","Philadelphia Regional Port Authority, Philadelphia, Pennsylvania",27.0,2709.0,147968.0,2,1.5,10188833.72
ExxonMobil,EXXONMOBIL-001,"Rotterdam, Netherlands","New York/Newark Area, Newark, New Jersey",38.0,3823.0,3385478.52,25,35.4,9563714.25
ExxonMobil,EXXONMOBIL-001,"Rotterdam, Netherlands","New York/Newark Area, Newark, New Jersey",29.0,2914.0,807932.51,15,8.4,9563714.25
ExxonMobil,EXXONMOBIL-001,"Come By Chance, Nfld, Canada","Port of Morgan City, Morgan City, Louisiana",27.0,2709.0,749205.62,4,7.8,9563714.25
ExxonMobil,EXXONMOBIL-001,"Whiffen Head, Nfld, Canada","Houston, Houston, Texas",27.0,2709.0,523920.0,11,5.5,9563714.25
ExxonMobil,EXXONMOBIL-001,"Rotterdam, Netherlands","New York/Newark Area, Newark, New Jersey",29.0,2901.0,397961.0,1,4.2,9563714.25
ExxonMobil,EXXONMOBIL-001,"High Seas,Gulf Of Mexico","Houston, Houston, Texas",27.0,2710.0,357207.62,7,3.7,9563714.25
ExxonMobil,EXXONMOBIL-001,"All Other Guyana Ports, Guyana","Alabama State Port Authority, Mobile, Alabama",27.0,2709.0,283162.14,4,3.0,9563714.25
ExxonMobil,EXXONMOBIL-001,"All Other Guyana Ports, Guyana","Corpus Christi, Corpus Christi, Texas",27.0,2709.0,231840.1,3,2.4,9563714.25
ExxonMobil,EXXONMOBIL-001,"Come By Chance, Nfld, Canada","Port of Wilmington, Wilmington, Delaware",27.0,2709.0,193147.74,4,2.0,9563714.25
ExxonMobil,EXXONMOBIL-001,"High Seas,Gulf Of Mexico","Port of New Orleans, New Orleans, Louisiana",27.0,2709.0,164000.0,2,1.7,9563714.25
ExxonMobil,EXXONMOBIL-001,"Whiffen Head, Nfld, Canada","Freeport, Freeport, Texas",27.0,2709.0,161279.0,4,1.7,9563714.25
ExxonMobil,EXXONMOBIL-001,"Whiffen Head, Nfld, Canada","Port of Wilmington, Wilmington, Delaware",27.0,2709.0,159910.0,4,1.7,9563714.25
ExxonMobil,EXXONMOBIL-001,"Vancouver, BC, Canada","Port Of Anacortes, Anacortes, Washington",27.0,2710.0,152998.0,2,1.6,9563714.25
ExxonMobil,EXXONMOBIL-001,"High Seas,Gulf Of Mexico","Port Arthur, Texas",27.0,2709.0,147286.56,4,1.5,9563714.25
ExxonMobil,EXXONMOBIL-001,"Cul De Sac, Saint Lucia","Philadelphia Regional Port Authority, Philadelphia, Pennsylvania",27.0,2709.0,139080.0,3,1.5,9563714.25
ExxonMobil,EXXONMOBIL-001,"All Other Guyana Ports, Guyana","Port of New Orleans, New Orleans, Louisiana",27.0,2709.0,137686.0,2,1.4,9563714.25
ExxonMobil,EXXONMOBIL-001,"Vancouver, BC, Canada","Port of Long Beach, Long Beach, California",27.0,2709.0,126012.0,2,1.3,9563714.25
ExxonMobil,EXXONMOBIL-001,"Rotterdam, Netherlands","Georgia Ports Authority, Savannah, Georgia",39.0,3901.0,109930.85,11,1.1,9563714.25
ExxonMobil,EXXONMOBIL-001,"Georgetown, Guyana","Corpus Christi, Corpus Christi, Texas",27.0,2709.0,99562.0,1,1.0,9563714.25
ExxonMobil,EXXONMOBIL-001,"High Seas,Gulf Of Mexico","Port of Texas City, Texas City, Texas",27.0,2709.0,87298.0,2,0.9,9563714.25
Emirates Aluminium (EGA),EMIRATES-001,"All Other United Arab Emirates Ports, United Arab Emirates","Baltimore, Maryland",76.0,7601.0,1540239.05,22,16.3,9439835.24
Emirates Aluminium (EGA),EMIRATES-001,"All Other United Arab Emirates Ports, United Arab Emirates","Georgia Ports Authority, Savannah, Georgia",76.0,7601.0,1488800.62,14,15.8,9439835.24
Emirates Aluminium (EGA),EMIRATES-001,"All Other United Arab Emirates Ports, United Arab Emirates","Houston, Houston, Texas",76.0,7601.0,1089682.33,56,11.5,9439835.24
Emirates Aluminium (EGA),EMIRATES-001,"All Other Newfoundland Ports, Canada","Tampa, Florida",9.0,901.0,858186.0,16,9.1,9439835.24
Emirates Aluminium (EGA),EMIRATES-001,"Puerto Cortes, Honduras","Tampa, Florida",68.0,6802.0,770821.0,13,8.2,9439835.24
Emirates Aluminium (EGA),EMIRATES-001,"Puerto Cortes, Honduras","The Port of Brownsville, Brownsville, Texas",68.0,6802.0,507049.0,11,5.4,9439835.24
Emirates Aluminium (EGA),EMIRATES-001,"Puerto Cortes, Honduras","Port of New Orleans, New Orleans, Louisiana",68.0,6802.0,433493.0,8,4.6,9439835.24
Emirates Aluminium (EGA),EMIRATES-001,"All Other Newfoundland Ports, Canada","Port Canaveral, Port Canaveral, Florida",9.0,901.0,412548.0,10,4.4,9439835.24
Emirates Aluminium (EGA),EMIRATES-001,"Puerto Cortes, Honduras","Corpus Christi, Corpus Christi, Texas",68.0,6802.0,346555.0,8,3.7,9439835.24
Emirates Aluminium (EGA),EMIRATES-001,"All Other Newfoundland Ports, Canada","Tampa, Florida",68.0,6802.0,326050.0,6,3.5,9439835.24
Emirates Aluminium (EGA),EMIRATES-001,"Puerto Cortes, Honduras","Houston, Houston, Texas",68.0,6802.0,299476.0,6,3.2,9439835.24
Emirates Aluminium (EGA),EMIRATES-001,"Puerto Cortes, Honduras","Port Arthur, Texas",68.0,6802.0,196830.0,4,2.1,9439835.24
Emirates Aluminium (EGA),EMIRATES-001,"Puerto Cortes, Honduras","Port of Beaumont, Beaumont, Texas",68.0,6802.0,166100.0,3,1.8,9439835.24
Emirates Aluminium (EGA),EMIRATES-001,"Puerto Cortes, Honduras","Alabama State Port Authority, Mobile, Alabama",68.0,6802.0,119200.0,2,1.3,9439835.24
Emirates Aluminium (EGA),EMIRATES-001,"Bahia Blanca, Argentina","New York/Newark Area, Newark, New Jersey",27.0,2710.0,116627.0,29,1.2,9439835.24
Emirates Aluminium (EGA),EMIRATES-001,"Puerto De Sagunto, Spain","Ponce, Ponce, Puerto Rico",27.0,2711.0,116058.0,2,1.2,9439835.24
Emirates Aluminium (EGA),EMIRATES-001,"All Other Newfoundland Ports, Canada","Port Canaveral, Port Canaveral, Florida",68.0,6802.0,107100.0,2,1.1,9439835.24
Emirates Aluminium (EGA),EMIRATES-001,"All Other Newfoundland Ports, Canada","Tampa, Florida",84.0,8474.0,105416.0,2,1.1,9439835.24
Emirates Aluminium (EGA),EMIRATES-001,"All Other Canada Pacific Region Ports, Canada","Service Port-San Francisco, San Francisco, California",25.0,2505.0,58000.0,2,0.6,9439835.24
Emirates Aluminium (EGA),EMIRATES-001,"Puerto Cortes, Honduras","Port of Lake Charles, Lake Charles, Louisiana",68.0,6802.0,49610.0,1,0.5,9439835.24
PBF Energy,PBF-001,"High Seas,Gulf Of Mexico","Philadelphia Regional Port Authority, Philadelphia, Pennsylvania",27.0,2709.0,5246634.45,74,64.3,8153373.31
PBF Energy,PBF-001,"Freeport, Grand Bahama I, Bahamas","Port of Wilmington, Wilmington, Delaware",27.0,2709.0,683152.94,25,8.4,8153373.31
PBF Energy,PBF-001,"Freeport, Grand Bahama I, Bahamas","Philadelphia Regional Port Authority, Philadelphia, Pennsylvania",27.0,2709.0,624598.24,14,7.7,8153373.31
PBF Energy,PBF-001,"High Seas,North Pacific","Port of Long Beach, Long Beach, California",27.0,2709.0,579522.55,9,7.1,8153373.31
PBF Energy,PBF-001,"High Seas,North Pacific","Martinez, California",27.0,2709.0,322214.52,5,4.0,8153373.31
PBF Energy,PBF-001,"Angra Dos Reis, Brazil","Martinez, California",27.0,2709.0,139998.64,4,1.7,8153373.31
PBF Energy,PBF-001,"High Seas,Gulf Of Mexico","Port of Long Beach, Long Beach, California",27.0,2709.0,133874.4,2,1.6,8153373.31
PBF Energy,PBF-001,"High Seas,South Pacific","Port of Long Beach, Long Beach, California",27.0,2709.0,131092.08000000002,2,1.6,8153373.31
PBF Energy,PBF-001,"High Seas,South Pacific","Martinez, California",27.0,2709.0,120549.70999999999,2,1.5,8153373.31
PBF Energy,PBF-001,"Freeport, Grand Bahama I, Bahamas","Port of New Orleans, New Orleans, Louisiana",27.0,2709.0,58106.0,2,0.7,8153373.31
PBF Energy,PBF-001,"High Seas,Gulf Of Mexico","Port of Wilmington, Wilmington, Delaware",27.0,2709.0,41384.78,4,0.5,8153373.31
PBF Energy,PBF-001,"Freeport, Grand Bahama I, Bahamas","Port of Wilmington, Wilmington, Delaware",27.0,2710.0,34239.0,1,0.4,8153373.31
PBF Energy,PBF-001,"Vancouver, BC, Canada","Martinez, California",27.0,2709.0,19106.0,1,0.2,8153373.31
PBF Energy,PBF-001,"Freeport, Grand Bahama I, Bahamas","New York/Newark Area, Newark, New Jersey",27.0,2709.0,18900.0,1,0.2,8153373.31
PDVSA,PDVSA-001,"Jose, Venezuela","Port of Pascagoula, Pascagoula, Mississippi",27.0,2709.0,1312032.3,17,16.2,8090092.67
PDVSA,PDVSA-001,"Bajo Grande, Venezuela","Port of Pascagoula, Pascagoula, Mississippi",27.0,2709.0,1188148.79,22,14.7,8090092.67
PDVSA,PDVSA-001,"Bajo Grande, Venezuela","Port of New Orleans, New Orleans, Louisiana",27.0,2709.0,929149.37,17,11.5,8090092.67
PDVSA,PDVSA-001,"All Other Venezuela Ports, Venezuela","Port of New Orleans, New Orleans, Louisiana",27.0,2709.0,630214.85,8,7.8,8090092.67
PDVSA,PDVSA-001,"All Other Venezuela Ports, Venezuela","Houston, Houston, Texas",27.0,2709.0,608304.0,8,7.5,8090092.67
PDVSA,PDVSA-001,"Jose, Venezuela","Port of New Orleans, New Orleans, Louisiana",27.0,2709.0,518864.19,7,6.4,8090092.67
PDVSA,PDVSA-001,"Jose, Venezuela","Port of Wilmington, Wilmington, Delaware",27.0,2709.0,442692.64,10,5.5,8090092.67
PDVSA,PDVSA-001,"All Other Venezuela Ports, Venezuela","Port of Pascagoula, Pascagoula, Mississippi",27.0,2709.0,404578.0,6,5.0,8090092.67
PDVSA,PDVSA-001,"Jose, Venezuela","Freeport, Freeport, Texas",27.0,2709.0,310136.0,4,3.8,8090092.67
PDVSA,PDVSA-001,"All Other Venezuela Ports, Venezuela","Port of Wilmington, Wilmington, Delaware",27.0,2709.0,304802.7,4,3.8,8090092.67
PDVSA,PDVSA-001,"Bajo Grande, Venezuela","Philadelphia Regional Port Authority, Philadelphia, Pennsylvania",27.0,2709.0,291036.9,6,3.6,8090092.67
PDVSA,PDVSA-001,"All Other Venezuela Ports, Venezuela","Port of Morgan City, Morgan City, Louisiana",27.0,2709.0,182760.04,2,2.3,8090092.67
PDVSA,PDVSA-001,"Jose, Venezuela","Houston, Houston, Texas",27.0,2709.0,153225.72,2,1.9,8090092.67
PDVSA,PDVSA-001,"Jose, Venezuela","Port Arthur, Texas",27.0,2709.0,152307.64,2,1.9,8090092.67
PDVSA,PDVSA-001,"All Other Venezuela Ports, Venezuela","Freeport, Freeport, Texas",27.0,2709.0,152075.0,2,1.9,8090092.67
PDVSA,PDVSA-001,"Jose, Venezuela","Port of Beaumont, Beaumont, Texas",27.0,2709.0,78598.0,2,1.0,8090092.67
PDVSA,PDVSA-001,"Jose, Venezuela","Port of Christiansted, Christiansted, Virgin Islands",27.0,2710.0,77258.67,1,1.0,8090092.67
PDVSA,PDVSA-001,"All Other Venezuela Ports, Venezuela","Port of Pascagoula, Pascagoula, Mississippi",27.0,2710.0,75914.0,1,0.9,8090092.67
PDVSA,PDVSA-001,"Bajo Grande, Venezuela","Freeport, Freeport, Texas",27.0,2709.0,73059.7,1,0.9,8090092.67
PDVSA,PDVSA-001,"All Other Venezuela Ports, Venezuela","Port of Beaumont, Beaumont, Texas",27.0,2709.0,63489.16,1,0.8,8090092.67
Petropiar,PETROPIAR-001,"Jose, Venezuela","Port of New Orleans, New Orleans, Louisiana",27.0,2709.0,1844876.11,27,27.9,6613398.57
Petropiar,PETROPIAR-001,"Jose, Venezuela","Port of Pascagoula, Pascagoula, Mississippi",27.0,2709.0,1545999.1199999999,20,23.4,6613398.57
Petropiar,PETROPIAR-001,"All Other Venezuela Ports, Venezuela","Port of New Orleans, New Orleans, Louisiana",27.0,2709.0,785988.34,10,11.9,6613398.57
Petropiar,PETROPIAR-001,"Jose, Venezuela","Freeport, Freeport, Texas",27.0,2709.0,773662.71,10,11.7,6613398.57
Petropiar,PETROPIAR-001,"Jose, Venezuela","Port Arthur, Texas",27.0,2709.0,541938.12,9,8.2,6613398.57
Petropiar,PETROPIAR-001,"Jose, Venezuela","Port of Wilmington, Wilmington, Delaware",27.0,2709.0,375842.87,8,5.7,6613398.57
Petropiar,PETROPIAR-001,"All Other Venezuela Ports, Venezuela","Port of Pascagoula, Pascagoula, Mississippi",27.0,2709.0,152968.94,2,2.3,6613398.57
Petropiar,PETROPIAR-001,"Jose, Venezuela","Port of Beaumont, Beaumont, Texas",27.0,2709.0,152304.0,2,2.3,6613398.57
Petropiar,PETROPIAR-001,"All Other Venezuela Ports, Venezuela","Port of Texas City, Texas City, Texas",27.0,2709.0,151809.48,2,2.3,6613398.57
Petropiar,PETROPIAR-001,"All Other Venezuela Ports, Venezuela","Port of Wilmington, Wilmington, Delaware",27.0,2709.0,140000.0,2,2.1,6613398.57
Petropiar,PETROPIAR-001,"Jose, Venezuela","Port of Texas City, Texas City, Texas",27.0,2709.0,78724.0,2,1.2,6613398.57
Petropiar,PETROPIAR-001,"All Other Venezuela Ports, Venezuela","Freeport, Freeport, Texas",27.0,2709.0,69284.88,1,1.0,6613398.57
Compania Minera,COMPANIA-MINERA-001,"All Other Peru Ports, Peru","Port of Gramercy, Gramercy, Louisiana",25.0,2510.0,1066599.02,16,16.3,6526940.74
Compania Minera,COMPANIA-MINERA-001,"All Other Peru Ports, Peru","Port of Gramercy, Gramercy, Louisiana",95.0,9503.0,916713.68,17,14.0,6526940.74
Compania Minera,COMPANIA-MINERA-001,"All Other Peru Ports, Peru","Port Manatee, Florida",95.0,9503.0,760117.63,16,11.6,6526940.74
Compania Minera,COMPANIA-MINERA-001,"All Other Peru Ports, Peru","Port Manatee, Florida",25.0,2510.0,605876.0,12,9.3,6526940.74
Compania Minera,COMPANIA-MINERA-001,"All Other Peru Ports, Peru","Port Manatee, Florida",23.0,2309.0,468793.0,11,7.2,6526940.74
Compania Minera,COMPANIA-MINERA-001,"All Other Peru Ports, Peru","Port of Gramercy, Gramercy, Louisiana",28.0,2836.0,359764.49,6,5.5,6526940.74
Compania Minera,COMPANIA-MINERA-001,"All Other Peru Ports, Peru","Port of Gramercy, Gramercy, Louisiana",23.0,2309.0,205794.0,4,3.2,6526940.74
Compania Minera,COMPANIA-MINERA-001,"All Other Chile Ports, Chile","Port Of Boston, Boston, Massachusetts",38.0,3815.0,201696.71,5,3.1,6526940.74
Compania Minera,COMPANIA-MINERA-001,"All Other Chile Ports, Chile","Port Of Boston, Boston, Massachusetts",38.0,3811.0,181030.35,5,2.8,6526940.74
Compania Minera,COMPANIA-MINERA-001,"All Other Chile Ports, Chile","New York, New York",38.0,3820.0,138663.0,3,2.1,6526940.74
Compania Minera,COMPANIA-MINERA-001,"All Other Chile Ports, Chile","New York, New York",38.0,3811.0,129885.0,3,2.0,6526940.74
Compania Minera,COMPANIA-MINERA-001,"All Other Chile Ports, Chile","Port Of Boston, Boston, Massachusetts",38.0,3820.0,120975.0,2,1.9,6526940.74
Compania Minera,COMPANIA-MINERA-001,"All Other Chile Ports, Chile","New York/Newark Area, Newark, New Jersey",38.0,3823.0,109900.0,2,1.7,6526940.74
Compania Minera,COMPANIA-MINERA-001,"All Other Chile Ports, Chile","New York, New York",38.0,3815.0,101118.0,2,1.5,6526940.74
Compania Minera,COMPANIA-MINERA-001,"All Other Chile Ports, Chile","Port Of NewHampshire, Portsmouth, New Hampshire",25.0,2501.0,83653.55,2,1.3,6526940.74
Compania Minera,COMPANIA-MINERA-001,"All Other Chile Ports, Chile","Port Of NewHampshire, Portsmouth, New Hampshire",38.0,3811.0,79329.3,2,1.2,6526940.74
Compania Minera,COMPANIA-MINERA-001,"All Other Chile Ports, Chile","Port of New Orleans, New Orleans, Louisiana",38.0,3811.0,61787.0,1,0.9,6526940.74
Compania Minera,COMPANIA-MINERA-001,"All Other Chile Ports, Chile","ProvPort, Providence, Rhode Island",38.0,3820.0,59701.0,1,0.9,6526940.74
Compania Minera,COMPANIA-MINERA-001,"All Other Chile Ports, Chile","Philadelphia Regional Port Authority, Philadelphia, Pennsylvania",38.0,3815.0,57950.0,1,0.9,6526940.74
Compania Minera,COMPANIA-MINERA-001,"All Other Chile Ports, Chile","Baltimore, Maryland",38.0,3811.0,52390.0,1,0.8,6526940.74
Ternium,TERNIUM-001,"Sepetiba Bay, Brazil","The Port of Brownsville, Brownsville, Texas",68.0,6802.0,4007826.0,82,64.0,6259517.0
Ternium,TERNIUM-001,"Sepetiba Bay, Brazil","The Port of Brownsville, Brownsville, Texas",72.0,7207.0,1663184.0,38,26.6,6259517.0
Ternium,TERNIUM-001,"Sepetiba Bay, Brazil","The Port of Brownsville, Brownsville, Texas",72.0,7218.0,528294.0,10,8.4,6259517.0
Ternium,TERNIUM-001,"Rio De Janeiro, Brazil","The Port of Los Angeles, Los Angeles, California",68.0,6802.0,57059.0,1,0.9,6259517.0
Ternium,TERNIUM-001,"Veracruz, Mexico","The Port of Charleston, Charleston, South Carolina",72.0,7218.0,3154.0,1,0.1,6259517.0
Martin Marietta,MARTIN-001,"Auld's Cove, Ns, Canada","Tampa, Florida",68.0,6802.0,1454164.0,26,27.4,5310170.0
Martin Marietta,MARTIN-001,"Auld's Cove, Ns, Canada","Port Manatee, Florida",68.0,6802.0,1157548.0,23,21.8,5310170.0
Martin Marietta,MARTIN-001,"Auld's Cove, Ns, Canada","Port Canaveral, Port Canaveral, Florida",68.0,6802.0,1014200.0,20,19.1,5310170.0
Martin Marietta,MARTIN-001,"Auld's Cove, Ns, Canada","Jacksonville, Florida",68.0,6802.0,798000.0,16,15.0,5310170.0
Martin Marietta,MARTIN-001,"Auld's Cove, Ns, Canada","Georgia Ports Authority, Savannah, Georgia",68.0,6802.0,424458.0,10,8.0,5310170.0
Martin Marietta,MARTIN-001,"Auld's Cove, Ns, Canada","The Port of Charleston, Charleston, South Carolina",68.0,6802.0,367800.0,8,6.9,5310170.0
Martin Marietta,MARTIN-001,"Auld's Cove, Ns, Canada","Port Of Entry-Morehead City - Beaufort, Beaufort‑Morehead City, North Carolina",68.0,6802.0,94000.0,2,1.8,5310170.0
Petrobras,PETROBRAS-001,"Rio De Janeiro, Brazil","Houston, Houston, Texas",27.0,2710.0,1031942.86,8,22.3,4629423.88
Petrobras,PETROBRAS-001,"Angra Dos Reis, Brazil","Port of Long Beach, Long Beach, California",27.0,2709.0,936314.62,14,20.2,4629423.88
Petrobras,PETROBRAS-001,"Angra Dos Reis, Brazil","Port of Bellingham, Bellingham, Washington",27.0,2709.0,588773.77,5,12.7,4629423.88
Petrobras,PETROBRAS-001,"Angra Dos Reis, Brazil","Service Port-Honolulu, Honolulu, Hawaii",27.0,2709.0,270183.29,3,5.8,4629423.88
Petrobras,PETROBRAS-001,"Angra Dos Reis, Brazil","Martinez, California",27.0,2709.0,264137.6,4,5.7,4629423.88
Petrobras,PETROBRAS-001,"High Seas,Gulf Of Mexico","Houston, Houston, Texas",27.0,2710.0,253840.0,5,5.5,4629423.88
Petrobras,PETROBRAS-001,"Sao Sebastio, Brazil","New York/Newark Area, Newark, New Jersey",27.0,2710.0,171131.0,5,3.7,4629423.88
Petrobras,PETROBRAS-001,"Angra Dos Reis, Brazil","The Port of Los Angeles, Los Angeles, California",27.0,2709.0,141148.26,2,3.0,4629423.88
Petrobras,PETROBRAS-001,"High Seas,North Pacific","Port of Long Beach, Long Beach, California",27.0,2709.0,136363.8,4,2.9,4629423.88
Petrobras,PETROBRAS-001,"High Seas,South Pacific","Port of Bellingham, Bellingham, Washington",27.0,2709.0,127260.0,2,2.7,4629423.88
Petrobras,PETROBRAS-001,"High Seas,North Pacific","Port of Bellingham, Bellingham, Washington",27.0,2709.0,115870.04,1,2.5,4629423.88
Petrobras,PETROBRAS-001,"Rio De Janeiro, Brazil","Freeport, Freeport, Texas",27.0,2710.0,79847.42,2,1.7,4629423.88
Petrobras,PETROBRAS-001,"Sao Sebastio, Brazil","New York/Newark Area, Newark, New Jersey",85.0,8502.0,77986.0,4,1.7,4629423.88
Petrobras,PETROBRAS-001,"Sao Paulo, Brazil","New York/Newark Area, Newark, New Jersey",27.0,2710.0,77952.98,4,1.7,4629423.88
Petrobras,PETROBRAS-001,"Suape, Brazil","New York/Newark Area, Newark, New Jersey",27.0,2710.0,69789.89,2,1.5,4629423.88
Petrobras,PETROBRAS-001,"Sao Paulo, Brazil","New York, New York",27.0,2710.0,39340.3,1,0.8,4629423.88
Petrobras,PETROBRAS-001,"Sao Sebastio, Brazil","Houston, Houston, Texas",27.0,2710.0,37058.4,1,0.8,4629423.88
Petrobras,PETROBRAS-001,"Rio De Janeiro, Brazil","New York/Newark Area, Newark, New Jersey",27.0,2710.0,36022.06,2,0.8,4629423.88
Petrobras,PETROBRAS-001,"Rio De Janeiro, Brazil","New York/Newark Area, Newark, New Jersey",85.0,8502.0,35312.0,1,0.8,4629423.88
Petrobras,PETROBRAS-001,"Sao Paulo, Brazil","Port Of Entry-Perth Amboy, Perth Amboy, New Jersey",27.0,2710.0,33653.77,1,0.7,4629423.88
Celanese,CELANESE-001,"Coatzacoalcos, Mexico","Baton Rouge (BTR) Airport, Baton Rouge, Louisiana",27.0,2710.0,1238863.32,18,27.0,4588390.66
Celanese,CELANESE-001,"Coatzacoalcos, Mexico","Baton Rouge (BTR) Airport, Baton Rouge, Louisiana",29.0,2905.0,1001079.98,8,21.8,4588390.66
Celanese,CELANESE-001,"Coatzacoalcos, Mexico","Baton Rouge (BTR) Airport, Baton Rouge, Louisiana",29.0,2914.0,801624.64,8,17.5,4588390.66
Celanese,CELANESE-001,"Coatzacoalcos, Mexico","Port Arthur, Texas",29.0,2914.0,699926.0,2,15.3,4588390.66
Celanese,CELANESE-001,"Coatzacoalcos, Mexico","Port Arthur, Texas",29.0,2905.0,399926.02,2,8.7,4588390.66
Celanese,CELANESE-001,"Coatzacoalcos, Mexico","Port of New Orleans, New Orleans, Louisiana",29.0,2905.0,200104.0,1,4.4,4588390.66
Celanese,CELANESE-001,"Coatzacoalcos, Mexico","Baton Rouge (BTR) Airport, Baton Rouge, Louisiana",29.0,2940.0,71073.52,24,1.5,4588390.66
Celanese,CELANESE-001,"Coatzacoalcos, Mexico","Houston, Houston, Texas",29.0,2915.0,34571.98,30,0.8,4588390.66
Celanese,CELANESE-001,"Coatzacoalcos, Mexico","Houston, Houston, Texas",29.0,2940.0,30999.82,10,0.7,4588390.66
Celanese,CELANESE-001,"Coatzacoalcos, Mexico","Baton Rouge (BTR) Airport, Baton Rouge, Louisiana",29.0,2915.0,20697.420000000002,10,0.5,4588390.66
Celanese,CELANESE-001,"Coatzacoalcos, Mexico","Port of New Orleans, New Orleans, Louisiana",27.0,2710.0,12998.42,4,0.3,4588390.66
Celanese,CELANESE-001,"Coatzacoalcos, Mexico","Houston, Houston, Texas",29.0,2905.0,11737.88,31,0.3,4588390.66
Celanese,CELANESE-001,"Coatzacoalcos, Mexico","Port Arthur, Texas",29.0,2940.0,10999.42,4,0.2,4588390.66
Celanese,CELANESE-001,"Coatzacoalcos, Mexico","Philadelphia Regional Port Authority, Philadelphia, Pennsylvania",84.0,8409.0,8000.18,2,0.2,4588390.66
Celanese,CELANESE-001,"Coatzacoalcos, Mexico","Port of New Orleans, New Orleans, Louisiana",29.0,2915.0,7998.7,4,0.2,4588390.66
Celanese,CELANESE-001,"Coatzacoalcos, Mexico","Houston, Houston, Texas",38.0,3808.0,7197.58,10,0.2,4588390.66
Celanese,CELANESE-001,"Coatzacoalcos, Mexico","Port Lavaca, Port Lavaca, Texas",29.0,2940.0,6000.0,2,0.1,4588390.66
Celanese,CELANESE-001,"Coatzacoalcos, Mexico","Houston, Houston, Texas",23.0,2303.0,5998.46,8,0.1,4588390.66
Celanese,CELANESE-001,"Coatzacoalcos, Mexico","Port of New Orleans, New Orleans, Louisiana",29.0,2940.0,4799.83,2,0.1,4588390.66
Celanese,CELANESE-001,"Coatzacoalcos, Mexico","Port Lavaca, Port Lavaca, Texas",29.0,2915.0,4000.0,2,0.1,4588390.66
Dubai Aluminium,DUBAI-001,"All Other United Arab Emirates Ports, United Arab Emirates","Baltimore, Maryland",76.0,7601.0,2180178.79,23,54.9,3969769.94
Dubai Aluminium,DUBAI-001,"All Other United Arab Emirates Ports, United Arab Emirates","Houston, Houston, Texas",76.0,7601.0,1270830.38,25,32.0,3969769.94
Dubai Aluminium,DUBAI-001,"All Other United Arab Emirates Ports, United Arab Emirates","Georgia Ports Authority, Savannah, Georgia",76.0,7601.0,439349.76,13,11.1,3969769.94
Dubai Aluminium,DUBAI-001,"Abu Zabi, United Arab Emirates","Port of Vancouver USA, Vancouver, Washington",76.0,7601.0,26608.16,51,0.7,3969769.94
Dubai Aluminium,DUBAI-001,"Abu Zabi, United Arab Emirates","Port of Long Beach, Long Beach, California",76.0,7601.0,12464.39,36,0.3,3969769.94
Dubai Aluminium,DUBAI-001,"Abu Zabi, United Arab Emirates","Houston, Houston, Texas",76.0,7601.0,10315.53,12,0.3,3969769.94
Dubai Aluminium,DUBAI-001,"All Other United Arab Emirates Ports, United Arab Emirates","Port of Long Beach, Long Beach, California",76.0,7601.0,9015.92,14,0.2,3969769.94
Dubai Aluminium,DUBAI-001,"All Other United Arab Emirates Ports, United Arab Emirates","Port of Vancouver USA, Vancouver, Washington",76.0,7601.0,6968.65,26,0.2,3969769.94
Dubai Aluminium,DUBAI-001,"All Other United Arab Emirates Ports, United Arab Emirates","New York/Newark Area, Newark, New Jersey",76.0,7601.0,6107.62,7,0.2,3969769.94
Dubai Aluminium,DUBAI-001,"All Other United Arab Emirates Ports, United Arab Emirates","Philadelphia Regional Port Authority, Philadelphia, Pennsylvania",76.0,7601.0,5491.84,6,0.1,3969769.94
Dubai Aluminium,DUBAI-001,"Abu Zabi, United Arab Emirates","Georgia Ports Authority, Savannah, Georgia",76.0,7601.0,2438.9,3,0.1,3969769.94
BP,BP-001,"Freeport, Grand Bahama I, Bahamas","Port of New Haven, New Haven, Connecticut",27.0,2710.0,305537.58999999997,12,23.3,1309202.68
BP,BP-001,"Freeport, Grand Bahama I, Bahamas","Port Of Entry-Port Everglades/Fort Lauderdale, Port Everglades, Florida",27.0,2710.0,192600.6,6,14.7,1309202.68
BP,BP-001,"Freeport, Grand Bahama I, Bahamas","New York/Newark Area, Newark, New Jersey",27.0,2710.0,172600.0,5,13.2,1309202.68
BP,BP-001,"Vancouver, BC, Canada","Martinez, California",27.0,2709.0,162848.64,3,12.4,1309202.68
BP,BP-001,"Vancouver, BC, Canada","Port of Bellingham, Bellingham, Washington",27.0,2710.0,77013.64,4,5.9,1309202.68
BP,BP-001,"Freeport, Grand Bahama I, Bahamas","Port Canaveral, Port Canaveral, Florida",27.0,2710.0,69790.0,2,5.3,1309202.68
BP,BP-001,"Kaohsiung, Taiwan","New York/Newark Area, Newark, New Jersey",27.0,2707.0,59890.0,4,4.6,1309202.68
BP,BP-001,"Freeport, Grand Bahama I, Bahamas","Martinez, California",27.0,2710.0,49891.0,2,3.8,1309202.68
BP,BP-001,"Rotterdam, Netherlands","New York/Newark Area, Newark, New Jersey",27.0,2710.0,41832.86,3,3.2,1309202.68
BP,BP-001,"Amsterdam, Netherlands","New York/Newark Area, Newark, New Jersey",27.0,2710.0,34008.0,1,2.6,1309202.68
BP,BP-001,"Porto De Sines, Portugal","New York, New York",27.0,2710.0,32972.35,2,2.5,1309202.68
BP,BP-001,"Freeport, Grand Bahama I, Bahamas","Jacksonville, Florida",27.0,2710.0,32193.0,1,2.5,1309202.68
BP,BP-001,"Freeport, Grand Bahama I, Bahamas","Port Of Boston, Boston, Massachusetts",27.0,2710.0,26566.0,2,2.0,1309202.68
BP,BP-001,"Freeport, Grand Bahama I, Bahamas","ProvPort, Providence, Rhode Island",27.0,2710.0,19780.0,1,1.5,1309202.68
BP,BP-001,"Freeport, Grand Bahama I, Bahamas","Port of Portland, Portland, Oregon",27.0,2710.0,16807.0,1,1.3,1309202.68
BP,BP-001,"Kaohsiung, Taiwan","New York/Newark Area, Newark, New Jersey",27.0,2710.0,7338.0,2,0.6,1309202.68
BP,BP-001,"Kaohsiung, Taiwan","New York, New York",27.0,2707.0,6906.0,2,0.5,1309202.68
BP,BP-001,"Mamonal, Colombia","Port of Galveston, Galveston, Texas",94.0,9403.0,628.0,2,0.0,1309202.68
Marathon Petroleum,MARATHON-001,"High Seas,North Pacific","Port of Long Beach, Long Beach, California",27.0,2709.0,401519.95,2,34.9,1149797.63
Marathon Petroleum,MARATHON-001,"All Other Panama West Coast Region Ports, Panama","The Port of Los Angeles, Los Angeles, California",27.0,2709.0,103803.0,1,9.0,1149797.63
Marathon Petroleum,MARATHON-001,"Dos Bocas, Mexico","Port of Morgan City, Morgan City, Louisiana",27.0,2709.0,85219.34,1,7.4,1149797.63
Marathon Petroleum,MARATHON-001,"High Seas,Gulf Of Mexico","Port of Texas City, Texas City, Texas",27.0,2710.0,76772.0,4,6.7,1149797.63
Marathon Petroleum,MARATHON-001,"Esmeraldas, Ecuador","Port of Long Beach, Long Beach, California",27.0,2709.0,71835.73,1,6.2,1149797.63
Marathon Petroleum,MARATHON-001,"Pajaritos, Mexico","Port of Gramercy, Gramercy, Louisiana",27.0,2709.0,70019.29,1,6.1,1149797.63
Marathon Petroleum,MARATHON-001,"Freeport, Grand Bahama I, Bahamas","New York/Newark Area, Newark, New Jersey",27.0,2710.0,68070.0,2,5.9,1149797.63
Marathon Petroleum,MARATHON-001,"Vancouver, BC, Canada","Anchorage, Alaska",27.0,2709.0,64526.0,1,5.6,1149797.63
Marathon Petroleum,MARATHON-001,"Vancouver, BC, Canada","Port Of Anacortes, Anacortes, Washington",40.0,4002.0,63763.33,1,5.5,1149797.63
Marathon Petroleum,MARATHON-001,"Vancouver, BC, Canada","Anchorage, Alaska",40.0,4002.0,44447.05,1,3.9,1149797.63
Marathon Petroleum,MARATHON-001,"Freeport, Grand Bahama I, Bahamas","Port of New Haven, New Haven, Connecticut",27.0,2710.0,36952.0,2,3.2,1149797.63
Marathon Petroleum,MARATHON-001,"Vancouver, BC, Canada","Port Of Anacortes, Anacortes, Washington",27.0,2709.0,17849.0,1,1.6,1149797.63
Marathon Petroleum,MARATHON-001,"Freeport, Grand Bahama I, Bahamas","Jacksonville, Florida",27.0,2710.0,16822.0,2,1.5,1149797.63
Marathon Petroleum,MARATHON-001,"Freeport, Grand Bahama I, Bahamas","The Port of Charleston, Charleston, South Carolina",27.0,2710.0,16822.0,2,1.5,1149797.63
Marathon Petroleum,MARATHON-001,"High Seas,North Pacific","Port of Long Beach, Long Beach, California",27.0,2710.0,11376.94,1,1.0,1149797.63
Citgo,CITGO-001,"High Seas,Gulf Of Mexico","Corpus Christi, Corpus Christi, Texas",27.0,2709.0,363106.92,6,72.1,503859.25
Citgo,CITGO-001,"All Other St. Croix Virgin Islands, Virgin Islands (U.S.)","Port of Christiansted, Christiansted, Virgin Islands",27.0,2710.0,63320.0,8,12.6,503859.25
Citgo,CITGO-001,"Pembroke, United Kingdom","Port Of Boston, Boston, Massachusetts",27.0,2710.0,41944.62,4,8.3,503859.25
Citgo,CITGO-001,"Mongstad, Norway","Port Of Boston, Boston, Massachusetts",27.0,2710.0,18121.0,1,3.6,503859.25
Citgo,CITGO-001,"All Other St. Croix Virgin Islands, Virgin Islands (U.S.)","Port of Christiansted, Christiansted, Virgin Islands",84.0,8411.0,10768.0,2,2.1,503859.25
