HS2,HS4,Records,Tons
27,2710,4372,28534015.66
72,7219,647,7034210.49
27,2707,623,6493680.15
29,2905,348,5534180.57
27,2709,339,5083590.0200000005
72,7210,2479,4763238.9
29,2915,233,3460274.73
72,7221,289,3070595.81
29,2914,176,2798585.12
72,7204,312,2347931.33
26,2619,63,1698968.45
72,7208,48,1532481.13
84,8428,327,1387497.87
31,3105,156,1370950.18
12,1201,197,1282397.25
,,0,1255816.82
84,8479,488,1208678.02
29,2922,97,1124079.83
68,6806,51,1062421.52
84,8474,268,1053909.86
44,4411,48,985290.43
47,4703,143,890371.73
38,3824,193,873320.91
31,3102,122,840618.39
17,1701,147,837331.16
23,2303,145,834277.57
68,6802,97,801987.71
29,2908,2,750068.9
76,7601,779,749484.98
26,2618,31,726250.0
44,4407,223,719992.0599999999
26,2614,53,665792.74
28,2827,55,643984.81
38,3823,253,596554.9299999999
15,1511,953,590718.14
23,2309,113,586063.49
39,3920,123,580145.97
23,2301,109,576099.3
73,7304,1435,545650.9
15,1515,121,540716.42
73,7308,880,536828.15
84,8419,291,526912.77
40,4001,3009,517393.76
39,3901,577,500405.75
23,2304,202,482563.84
72,7225,256,479172.09
25,2519,174,438811.61
26,2621,21,438673.9
73,7306,951,428135.92
10,1001,46,404152.88
11,1104,37,401777.5
40,4010,40,399960.67
72,7201,103,397740.91000000003
29,2901,282,350968.67
29,2929,108,344785.51
39,3909,108,334893.95
87,8708,770,326710.91
28,2833,107,301811.52
84,8429,1420,300202.75
25,2508,22,298412.26
72,7222,114,296452.69
64,6403,22,292218.7
84,8431,740,289326.78
20,2008,72,283256.7
20,2009,65,280495.4
71,7112,24,269180.43
28,2809,40,267635.08
95,9503,149,265013.43
31,3104,63,258241.18
29,2916,185,256660.88
10,1006,52,250929.6
84,8413,450,246291.73
87,8703,1266,243529.08
28,2836,54,239689.88
25,2507,37,237748.0
12,1214,18,235082.8
83,8302,33,234226.88
25,2523,62,233702.09
11,1108,15,233012.97999999998
08,0805,519,229961.09
40,4002,165,228919.78
74,7404,10,225939.37
48,4810,1294,224670.33
07,0713,38,221349.16999999998
34,3402,174,209005.24
76,7604,93,202288.25
03,0306,30,193089.31
38,3811,140,188619.54
72,7216,147,185091.8
27,2712,82,184792.57
86,8609,143,179804.27
28,2835,36,173720.87
15,1513,135,168416.56
29,2909,36,167169.83
39,3926,209,155883.16999999998
25,2530,19,154865.71
22,2204,246,152330.03
48,4804,52,149266.06
12,1202,4,147587.69
25,2517,7,145755.83000000002
15,1512,289,142671.13999999998
44,4416,67,139635.55
73,7326,270,137577.33
26,2620,16,137272.34
29,2917,84,132639.68
72,7228,433,125562.11
02,0201,7,124428.97
85,8541,86,123386.55
08,0803,333,121431.56999999999
84,8437,6,121381.22
38,3817,27,119380.90000000001
11,1103,9,119000.0
29,2921,68,112799.79
72,7214,51,111983.68
15,1514,86,110309.01
20,2005,15,108545.09
12,1207,14,107941.71
40,4004,49,104115.31
23,2302,21,102313.9
28,2849,176,101691.72
41,4101,238,101124.32
48,4818,21,100497.62
39,3907,116,98540.45
78,7801,13,96187.12
85,8544,140,96147.54000000001
15,1509,257,95404.81
94,9401,146,93665.83
29,2902,105,93185.75
72,7202,86,92242.59999999999
84,8418,137,88934.26999999999
11,1101,5,87500.0
84,8483,402,87064.99
30,3004,46,86692.57
72,7205,3,86022.52
29,2930,59,85607.56999999999
79,7901,19,83008.26000000001
84,8481,253,81930.18000000001
09,0901,474,81780.91
29,2903,106,81399.82
84,8433,72,80910.42
94,9403,396,79378.09
26,2608,14,76788.88
47,4702,140,75033.2
84,8414,545,74476.19
10,1005,6,73078.75
76,7606,450,72579.42
84,8426,184,67936.88
28,2821,8,66607.2
84,8411,40,63712.16
44,4421,19,63387.19
73,7312,76,63315.909999999996
39,3902,65,63311.62
12,1208,3,62870.0
26,2601,6,62004.5
84,8421,417,61513.32
85,8503,83,61143.090000000004
69,6909,10,61119.270000000004
22,2202,17,60567.479999999996
32,3206,17,58489.48
61,6104,15,58002.36
84,8467,31,56517.33
08,0804,275,56461.29
84,8415,120,56284.77
25,2529,16,55511.810000000005
15,1502,126,54347.52
44,4403,8,53637.26
25,2501,11,53134.84
22,2207,15,52870.34
70,7010,30,52516.829999999994
85,8504,440,51947.99
20,2006,18,49546.04
74,7409,5,48880.399999999994
05,0511,13,47892.92
84,8417,29,47256.44
72,7224,32,46716.27
22,2208,58,45550.26
20,2004,46,44446.94
84,8462,310,43620.92
12,1206,24,43481.24
28,2830,19,42828.51
85,8507,164,41540.17
25,2516,64,41502.96
52,5201,76,41308.98
39,3917,30,40725.2
26,2602,2,40119.24
73,7302,123,39851.99
25,2505,21,39727.979999999996
11,1107,32,37473.96
47,4707,44,36908.69
44,4418,88,36521.340000000004
38,3801,144,36319.49
41,4107,14,34934.590000000004
44,4412,44,34856.21
62,6204,75,34539.43
87,8706,3,34500.0
84,8461,31,34141.36
40,4011,54,33938.32
28,2801,1,33566.0
88,8807,128,32190.010000000002
32,3201,13,31974.02
84,8427,188,31526.25
68,6810,33,31477.59
02,0207,9,31472.92
26,2603,3,31000.0
25,2518,3,30000.0
29,2932,46,29966.0
15,1508,4,29052.0
12,1205,23,28814.62
83,8311,5,27325.05
84,8425,26,26995.859999999997
73,7317,67,26635.69
44,4401,3,26009.92
25,2503,1,26000.0
02,0202,24,25525.63
87,8716,60,25087.3
85,8502,125,24763.98
04,0404,28,23560.91
11,1109,25,23497.23
38,3808,19,23470.04
15,1518,74,23065.64
26,2615,5,22358.230000000003
28,2813,25,22061.25
10,1003,2,22000.0
29,2904,9,21817.08
29,2920,36,21430.010000000002
08,0802,93,21376.28
39,3923,246,21276.09
28,2834,57,20882.65
28,2818,79,20808.0
73,7325,27,20531.76
84,8477,323,19668.29
85,8516,92,19581.59
26,2610,8,19561.79
28,2839,3,19197.52
28,2810,13,19167.75
74,7403,25,18859.96
29,2910,17,18765.72
29,2933,20,18540.16
25,2513,2,18063.54
40,4016,69,18053.3
84,8441,12,17894.48
84,8456,93,17816.87
29,2924,15,17563.65
76,7602,23,17163.29
28,2804,18,17104.579999999998
85,8514,27,17058.420000000002
89,8903,581,16825.76
26,2606,58,16720.99
25,2504,40,16642.35
17,1703,20,16132.93
17,1702,9,15306.660000000002
22,2203,40,15258.74
94,9404,58,14979.79
81,8104,4,14853.32
84,8438,302,14700.39
72,7211,7,13658.05
08,0811,8,13486.4
85,8501,180,13475.9
73,7318,117,13472.28
28,2815,14,13455.460000000001
81,8111,83,13328.84
61,6110,51,13175.61
84,8455,201,13019.87
25,2502,3,12600.01
29,2907,20,12219.91
25,2526,11,12124.36
87,8705,101,12122.86
25,2528,13,11943.34
84,8409,457,11757.039999999999
23,2306,3,11682.82
61,6109,118,11481.039999999999
84,8430,99,11460.17
34,3407,4,11450.02
19,1904,1,11100.0
39,3921,30,10615.34
76,7614,42,10326.86
63,6305,5,10281.789999999999
21,2101,20,9987.76
26,2613,2,9970.25
27,2713,44,9950.52
31,3103,5,9793.63
03,0303,63,9616.550000000001
03,0304,50,9580.12
84,8457,73,9195.390000000001
39,3906,107,9153.53
95,9505,39,9093.680000000002
38,3804,3,9002.4
73,7315,16,8768.85
12,1212,22,8421.68
16,1604,14,8353.6
33,3304,653,8187.24
15,1516,12,7983.85
07,0710,17,7933.490000000001
35,3506,54,7868.1900000000005
48,4819,41,7855.4
69,6907,33,7807.450000000001
33,3303,29,7601.71
89,8905,2,7506.629999999999
38,3816,18,7505.08
84,8482,97,7464.070000000001
48,4811,54,7304.09
84,8402,16,7217.110000000001
85,8545,35,6914.64
21,2106,27,6712.040000000001
29,2918,21,6654.889999999999
36,3602,5,6626.29
18,1804,5,6520.52
39,3910,12,6352.09
15,1501,3,6338.99
84,8432,48,6275.57
10,1004,15,5874.83
73,7323,48,5790.67
73,7307,133,5731.79
73,7309,44,5566.22
39,3924,83,5446.74
19,1905,28,5443.56
72,7217,32,5378.61
39,3904,16,5319.03
84,8422,69,5272.13
87,8701,130,5148.76
29,2906,3,5050.049999999999
38,3813,2,5000.7
73,7301,2,4774.0
12,1204,16,4720.85
72,7227,15,4646.0
15,1520,2,4620.0
15,1517,7,4503.9
27,2704,3,4500.0
87,8704,83,4446.75
69,6902,14,4440.25
09,0910,4,4314.799999999999
84,8480,31,4274.13
25,2522,1,4225.76
84,8443,141,4198.93
22,2201,10,4156.16
39,3908,3,4122.27
96,9609,6,4071.1
74,7408,4,4019.42
35,3507,1,4018.35
42,4202,73,3969.27
33,3302,12,3848.5
84,8408,41,3759.67
72,7209,18,3740.97
84,8412,46,3653.64
84,8486,55,3653.53
85,8538,35,3549.1400000000003
25,2525,9,3495.2
72,7229,18,3433.92
44,4404,24,3309.48
90,9019,15,3217.58
72,7213,28,3188.35
76,7610,94,3165.1099999999997
82,8201,6,3068.7
68,6811,3,3012.0
39,3905,4,3000.41
28,2840,10,2995.05
73,7314,20,2930.74
73,7311,61,2922.38
90,9001,71,2888.02
33,3307,37,2882.31
85,8528,47,2881.31
39,3918,12,2859.6
03,0307,29,2764.7
83,8308,6,2747.2799999999997
73,7322,1,2677.66
25,2511,8,2562.42
84,8471,132,2535.25
84,8466,62,2528.32
76,7605,3,2490.73
63,6307,33,2423.57
95,9506,49,2403.2
73,7310,10,2371.86
82,8207,28,2294.55
27,2701,9,2277.1
40,4005,3,2206.08
87,8711,10,2192.2799999999997
82,8202,19,2101.14
72,7207,11,2087.7200000000003
15,1507,28,2052.2799999999997
33,3301,11,2004.33
84,8472,13,1995.78
85,8535,127,1917.4499999999998
72,7220,17,1885.16
32,3208,30,1882.86
86,8607,27,1822.97
68,6815,16,1822.6999999999998
39,3903,5,1807.02
18,1801,14,1778.1699999999998
84,8450,30,1774.58
23,2308,2,1771.49
28,2832,4,1769.78
84,8458,33,1755.86
28,2812,10,1731.8600000000001
13,1302,6,1725.55
84,8454,13,1661.18
84,8416,5,1630.52
72,7226,461,1624.19
15,1510,10,1564.68
84,8451,30,1509.89
29,2941,1,1504.5
34,3404,2,1504.3899999999999
15,1503,1,1503.0
52,5208,1,1500.3
85,8543,16,1463.81
90,9018,117,1458.7
38,3815,8,1454.0400000000002
32,3215,7,1432.8700000000001
48,4802,254,1355.0
44,4409,10,1328.41
85,8537,47,1306.54
27,2708,2,1255.18
72,7218,12,1202.73
63,6304,4,1183.33
08,0806,27,1177.25
88,8803,11,1171.61
64,6402,62,1164.8500000000001
85,8536,127,1057.61
84,8436,46,1044.0
56,5603,12,1018.95
87,8709,28,1017.1899999999999
02,0203,14,1014.82
85,8546,10,1008.41
74,7411,3,1002.96
94,9406,17,1001.73
84,8424,67,994.9
29,2931,20,946.89
75,7506,7,945.4
86,8603,4,932.4
76,7616,20,930.05
90,9031,44,910.96
57,5703,4,822.52
84,8460,39,806.37
56,5607,19,795.67
90,9032,5,741.22
39,3925,11,741.1000000000001
28,2814,3,718.01
46,4602,11,657.55
85,8509,33,650.89
94,9405,43,645.99
90,9026,41,637.98
08,0810,7,622.91
84,8459,30,586.35
28,2837,3,580.9200000000001
40,4008,3,572.8900000000001
63,6301,6,561.01
28,2811,10,519.84
63,6302,47,519.6800000000001
90,9017,2,513.81
84,8463,16,513.49
27,2711,3,496.09
84,8473,35,456.34000000000003
38,3802,16,454.65000000000003
85,8515,25,453.74
85,8539,12,452.67
61,6111,5,438.41
70,7013,7,437.04
10,1008,6,433.99
70,7019,18,429.68
12,1209,3,404.33000000000004
48,4806,150,394.84000000000003
73,7321,24,384.31
98,9808,5,383.99
98,9880,1,374.96
72,7215,3,334.14
63,6309,49,330.52000000000004
84,8406,10,325.82
85,8506,1,320.46
21,2103,8,320.39000000000004
87,8715,1,306.41
95,9508,10,301.15
17,1704,61,288.92
87,8702,11,285.54
33,3305,135,279.19
84,8439,3,269.74
22,2206,3,266.75
69,6913,6,260.57
38,3820,5,252.52
04,0409,20,245.94
85,8517,99,243.16000000000003
85,8525,29,241.49
22,2209,2,238.86
74,7407,2,219.16
09,0902,12,217.86
84,8465,11,214.54999999999998
93,9306,30,213.16
08,0801,11,209.89
09,0904,10,208.61
69,6912,15,203.14999999999998
29,2923,1,200.0
90,9030,34,194.06
61,6108,87,193.79999999999998
62,6203,72,183.25
85,8513,5,176.66
18,1806,22,174.85000000000002
85,8508,17,169.76000000000002
85,8518,45,168.47
39,3911,11,164.17000000000002
63,6310,4,162.93
44,4415,14,158.26
40,4009,44,156.0
05,0504,1,147.64
39,3919,50,147.09
49,4901,152,144.29
85,8512,12,137.0
12,1211,10,129.85
84,8487,24,126.75999999999999
05,0505,4,123.16000000000001
64,6404,35,122.88
61,6105,21,121.25999999999999
57,5702,7,119.75
90,9028,8,112.27
39,3915,7,110.72
88,8802,3,109.63
84,8407,19,106.65
75,7505,1,102.31
48,4803,2,100.5
73,7305,24,98.28
70,7018,2,90.1
68,6809,3,86.19
84,8464,12,83.89
61,6103,6,81.94
49,4911,26,80.88
34,3401,17,77.4
95,9504,49,74.66
84,8410,2,74.0
70,7009,6,73.57
90,9015,8,71.55
41,4102,2,69.88
10,1007,1,58.0
83,8307,4,57.63
19,1902,6,54.519999999999996
10,1002,1,52.16
63,6306,24,51.86
84,8484,4,51.29
85,8529,18,49.89
69,6910,6,49.260000000000005
90,9022,15,47.89
61,6115,20,46.81
89,8901,6,46.080000000000005
68,6804,4,43.03
48,4821,3,42.97
52,5202,1,42.0
65,6505,18,41.18
28,2850,1,40.08
05,0506,1,39.8
83,8301,7,39.06
86,8605,2,37.83
40,4015,8,37.7
59,5901,7,36.75
85,8534,3,36.08
48,4820,61,35.69
82,8210,1,35.0
89,8906,3,33.86
76,7607,2,33.84
70,7007,19,33.62
32,3213,2,33.11
84,8403,2,32.39
84,8468,1,31.93
84,8420,2,31.27
04,0406,19,29.439999999999998
87,8707,1,28.52
82,8205,26,28.51
48,4817,3,27.57
87,8714,6,27.48
98,9809,2,27.479999999999997
08,0809,2,27.09
11,1102,1,25.82
48,4805,9,23.9
84,8404,4,22.82
20,2002,1,22.23
76,7609,17,21.61
32,3207,6,21.18
62,6210,6,20.98
73,7324,33,20.72
29,2912,3,20.53
32,3204,18,19.49
49,4902,24,19.34
04,0401,1,19.15
68,6813,4,18.439999999999998
62,6201,4,18.25
03,0302,1,18.17
25,2506,22,17.259999999999998
63,6303,6,16.95
84,8452,19,16.85
99,9999,1,14.97
69,6911,8,14.67
76,7603,7,14.559999999999999
74,7401,1,14.0
26,2611,1,13.21
15,1521,2,13.21
96,9603,9,12.9
28,2828,6,12.15
20,2001,1,11.8
90,9021,4,11.6
95,9507,2,10.68
09,0906,5,10.52
74,7419,4,10.03
73,7316,1,9.98
72,7223,4,9.88
34,3403,6,9.73
70,7008,4,9.719999999999999
97,9706,2,8.5
48,4823,18,8.36
62,6211,13,8.27
85,8505,8,8.15
84,8485,1,7.84
97,9703,5,7.52
39,3916,3,7.52
49,4910,13,7.35
16,1601,2,7.32
06,0603,5,7.16
64,6405,2,7.14
81,8108,4,6.76
90,9004,6,6.18
70,7017,5,6.05
90,9033,3,6.05
85,8531,19,4.91
85,8532,1,4.7
73,7320,3,4.35
28,2803,8,4.29
62,6205,17,4.29
59,5911,2,4.21
82,8211,7,4.14
84,8445,2,3.8
96,9618,1,3.6
55,5509,4,3.5399999999999996
96,9610,1,3.48
32,3210,4,3.42
69,6903,2,3.28
90,9013,2,3.21
29,2934,3,3.1900000000000004
29,2926,2,3.18
85,8542,6,3.1799999999999997
68,6805,6,3.16
85,8527,4,3.1599999999999997
21,2102,5,3.09
42,4203,4,3.04
90,9007,31,2.97
28,2825,3,2.88
59,5906,1,2.64
30,3002,1,2.63
44,4402,3,2.59
97,9705,7,2.54
48,4813,4,2.48
67,6704,3,2.34
84,8423,4,2.3
37,3701,2,2.23
44,4417,1,2.19
29,2936,4,2.12
35,3505,2,2.0
38,3822,7,1.9900000000000002
52,5209,3,1.99
65,6506,2,1.94
29,2925,1,1.87
83,8306,3,1.85
44,4420,9,1.83
90,9027,33,1.73
94,9402,5,1.67
89,8907,6,1.6500000000000001
34,3406,3,1.52
39,3913,1,1.37
71,7118,1,1.29
61,6101,1,1.23
24,2401,8,1.23
38,3809,2,1.19
39,3912,8,1.03
84,8444,1,0.97
38,3803,1,0.96
24,2402,6,0.96
70,7005,4,0.92
49,4903,17,0.8400000000000001
97,9701,5,0.77
85,8549,5,0.76
21,2105,2,0.64
90,9025,10,0.63
18,1802,6,0.63
29,2911,1,0.63
92,9207,3,0.6299999999999999
96,9617,2,0.62
42,4201,4,0.62
62,6202,1,0.61
74,7412,1,0.61
58,5807,1,0.6
32,3212,1,0.57
92,9201,1,0.56
05,0508,1,0.53
85,8510,3,0.53
82,8213,3,0.52
54,5407,2,0.52
87,8712,5,0.5
58,5806,1,0.5
71,7117,19,0.46
84,8470,1,0.45
90,9023,4,0.45
44,4414,5,0.44
76,7615,3,0.44
84,8453,2,0.44
06,0604,2,0.41000000000000003
84,8405,2,0.4
70,7016,3,0.4
64,6406,2,0.39
85,8547,1,0.39
61,6112,4,0.37
83,8303,3,0.37
55,5508,5,0.32
96,9602,1,0.24
85,8511,2,0.22
67,6702,2,0.19999999999999998
85,8526,4,0.19
40,4013,1,0.18
96,9608,2,0.15
84,8447,2,0.14
40,4014,4,0.14
82,8204,1,0.12
09,0909,1,0.12
84,8446,1,0.11
55,5504,1,0.11
39,3922,2,0.11
62,6214,1,0.1
90,9016,1,0.1
56,5605,1,0.09
52,5206,1,0.09
90,9014,7,0.09
28,2820,1,0.08
76,7608,1,0.07
82,8206,2,0.07
82,8212,2,0.06
96,9619,1,0.04
35,3503,1,0.04
57,5701,2,0.04
61,6107,1,0.03
66,6601,2,0.03
68,6807,1,0.03
79,7902,1,0.03
61,6117,1,0.03
62,6212,2,0.02
24,2403,2,0.02
85,8519,2,0.02
44,4419,1,0.02
61,6106,2,0.02
78,7802,1,0.01
35,3504,1,0.01
33,3306,1,0.01
85,8523,1,0.01
48,4814,1,0.01
61,6114,1,0.01
90,9024,1,0.01
84,8448,1,0.01
28,2844,1,0.01
15,1506,2,0.0
49,4909,1,0.0
83,8309,1,0.0
40,4006,2,0.0
49,4907,4,0.0
87,8710,1,0.0
11,1106,1,0.0
85,8540,2,0.0
