HS2,HS2_Description,Party_Type,Party_Name,Tonnage,Record_Count
10,Cereals (Grain),Consignee,Pan American Grain Mfg. Co. Inc.,204168.76,26
10,Cereals (Grain),Consignee,General Mills,145000.0,6
10,Cereals (Grain),Consignee,Molinos De Puerto Rico,123652.4,12
10,Cereals (Grain),Consignee,Hansen Mueller,120000.0,8
10,Cereals (Grain),Consignee,Adm Toledo,108000.0,4
10,Cereals (Grain),Consignee,Adm Milling,82400.0,5
10,Cereals (Grain),Consignee,Ardent Mills Port Redwing,64776.0,2
10,Cereals (Grain),Consignee,Ardent Mills Llc,62310.39,4
10,Cereals (Grain),Consignee,General Mills Corp. Ltd.,50004.0,8
10,Cereals (Grain),Consignee,Keb Hana Bank,44000.0,4
10,Cereals (Grain),Shipper,Viterra Inc.,179528.4,21
10,Cereals (Grain),Shipper,James Richardson International Ltd.,141000.0,6
10,Cereals (Grain),Shipper,Parrish & Heimbecker Ltd.,117127.92,17
10,Cereals (Grain),Shipper,Richardson International Ltd.,109902.65,7
10,Cereals (Grain),Shipper,Adm Agri Industries Co.,108000.0,4
10,Cereals (Grain),Shipper,General Mills Corp. Ltd.,79916.0,12
10,Cereals (Grain),Shipper,Baywa Agrarhandel Gmb H,64776.0,2
10,Cereals (Grain),Shipper,"Cofco International (Beijing) Co., Ltd.",63000.0,3
10,Cereals (Grain),Shipper,Amaggi Exportacao E Importacao Ltda,48015.14,4
10,Cereals (Grain),Shipper,Viterra Bv,35399.29,1
15,Animal/Veg Fats,Consignee,Diamond Green Diesel Llc,1041117.07,374
15,Animal/Veg Fats,Consignee,Bunge Loders Croklaan,306083.74,206
15,Animal/Veg Fats,Consignee,Reg Marketing & Logistics Llc,300114.99,20
15,Animal/Veg Fats,Consignee,Pt Sumber Indah Perkasa,242558.65,205
15,Animal/Veg Fats,Consignee,Pt Ivo Mas Tunggal,157034.17,110
15,Animal/Veg Fats,Consignee,Icof America Inc.,141541.36000000002,183
15,Animal/Veg Fats,Consignee,Bjb Llc Dba Agri Trading,139990.12,14
15,Animal/Veg Fats,Consignee,Twin Rivers Technologies,139826.88,54
15,Animal/Veg Fats,Consignee,Phillips 66 International Trading,123978.28,48
15,Animal/Veg Fats,Consignee,Pt Intibenua,122400.0,91
15,Animal/Veg Fats,Shipper,Pt Intibenua Perkasatama,326701.81,216
15,Animal/Veg Fats,Shipper,Pt Sumber Indah Perkasa,305173.84,243
15,Animal/Veg Fats,Shipper,Xiamen C And D Commodity Trading,271631.04,66
15,Animal/Veg Fats,Shipper,Pt Ivo Mas Tunggal,222245.12,153
15,Animal/Veg Fats,Shipper,Pt . Pacrim Nusantara Lestari Foods,213292.02,138
15,Animal/Veg Fats,Shipper,Pt Sinar Mas Agro Resources An,203459.09,188
15,Animal/Veg Fats,Shipper,Wilmar Nabati Indonesia,199688.69,109
15,Animal/Veg Fats,Shipper,Pt Sari Dumai Sejati,176371.71,100
15,Animal/Veg Fats,Shipper,Ioi Global Services Sdn Bhd,123773.19,59
15,Animal/Veg Fats,Shipper,Wilmar Edible Oils Philippines Inc.,117744.69,40
23,Animal Feed Residues,Consignee,Mitsui & Co Usa Inc.,1022002.04,21
23,Animal Feed Residues,Consignee,Diamond Green Diesel Llc,463236.2,83
23,Animal Feed Residues,Consignee,Hollingshead Cement Llc,224745.0,5
23,Animal Feed Residues,Consignee,Shell Chemical Lp,182912.88,6
23,Animal Feed Residues,Consignee,Argos Usa,144583.0,4
23,Animal Feed Residues,Consignee,Cgb Enterprises,132000.0,2
23,Animal Feed Residues,Consignee,Hm Pacific Northwest Inc.,119000.0,17
23,Animal Feed Residues,Consignee,Hm Southeast Cement Llc,105923.0,3
23,Animal Feed Residues,Consignee,Holcim ( Us ) Inc.,91280.0,2
23,Animal Feed Residues,Consignee,James Worldwide Inc.,71449.38,9
23,Animal Feed Residues,Shipper,Mitsui & Co. Deutschland Gmb H,1012308.5599999999,10
23,Animal Feed Residues,Shipper,Samarco Mineracao Sa,313570.0,4
23,Animal Feed Residues,Shipper,Lafrage Emirates Cement Llc,224745.0,5
23,Animal Feed Residues,Shipper,Best Commodity Trade,178848.0,17
23,Animal Feed Residues,Shipper,Nuh Cimento Sanayi A.S.,144583.0,4
23,Animal Feed Residues,Shipper,Nordic Bulk Co. A S,132000.0,2
23,Animal Feed Residues,Shipper,Heidelberg Materials Canada Ltd.,119000.0,17
23,Animal Feed Residues,Shipper,Progan Eu Bv,80264.03,13
23,Animal Feed Residues,Shipper,Viterra Inc.,78000.0,7
23,Animal Feed Residues,Shipper,Akcansa Cimento San Tic. A.S. Tehc Trading Americas Llc,72795.0,2
25,Salt/Cement,Consignee,Sesco Cement Corp.,1828193.96,95
25,Salt/Cement,Consignee,Houston Cement Co.,1551810.0,32
25,Salt/Cement,Consignee,Mcinnis Usa Inc.,898393.61,62
25,Salt/Cement,Consignee,Argos Usa,837689.36,97
25,Salt/Cement,Consignee,Halliburton Energy Services,805225.14,26
25,Salt/Cement,Consignee,Titan Florida Llc,464721.79,12
25,Salt/Cement,Consignee,The Essex Cement Co. Llc,464535.48,12
25,Salt/Cement,Consignee,Argos Puerto Rico,455670.77999999997,57
25,Salt/Cement,Consignee,Houston Cement Co. L.P.,441426.0,11
25,Salt/Cement,Consignee,Hlj International Trading Co.,431049.0,15
25,Salt/Cement,Shipper,Titan Cement Company S.A.,1245836.27,32
25,Salt/Cement,Shipper,Zona Franca Argos S.A.S.,1211214.14,141
25,Salt/Cement,Shipper,St. Mary's Cement Corp.,1170574.5,96
25,Salt/Cement,Shipper,Nuh Cimento Sanayi A.S.,1062843.0,28
25,Salt/Cement,Shipper,Vissai Ninh Binh Jsc,1018147.44,34
25,Salt/Cement,Shipper,Saudi Cement Co.,957574.0,22
25,Salt/Cement,Shipper,North Coast Commodities Dmcc,728393.2,19
25,Salt/Cement,Shipper,Akcansa Cimento San. Tic. A.S.,682746.0,17
25,Salt/Cement,Shipper,"Emprada Mines And Minerals Pvt., Ltd.",630243.0,44
25,Salt/Cement,Shipper,Heidelberg Materials,501200.0,93
26,Ores/Minerals,Consignee,Hm Southeast Cement Llc,1103642.0,23
26,Ores/Minerals,Consignee,Heidelberg Materials Us Cement Llc,939452.42,23
26,Ores/Minerals,Consignee,Mineral Resource Technolgy,552200.43,47
26,Ores/Minerals,Consignee,Tronox Llc,426618.98,21
26,Ores/Minerals,Consignee,Argos Usa,417589.74,12
26,Ores/Minerals,Consignee,Scb Minerals Llc,410510.96,16
26,Ores/Minerals,Consignee,The Chemours Co.,378583.17,20
26,Ores/Minerals,Consignee,Ineos Pigments Usa Inc.,277908.08,29
26,Ores/Minerals,Consignee,St. Mary's Cement Co.,265846.0,10
26,Ores/Minerals,Consignee,Sathi Llc,257557.0,5
26,Ores/Minerals,Shipper,"Nippon Steel Trading Co., Ltd.",1222575.0,26
26,Ores/Minerals,Shipper,"Yamada Sangyo Co., Ltd.",623803.0,20
26,Ores/Minerals,Shipper,Jfe Shoji Trade Corp.,593273.54,15
26,Ores/Minerals,Shipper,Nippon Steel & Sumikin,515093.42,13
26,Ores/Minerals,Shipper,Rizhao Jinghua New Type Building,476700.43,41
26,Ores/Minerals,Shipper,Tianjin Sunward Building Materials,356599.0,10
26,Ores/Minerals,Shipper,Jfe Shoji Corp.,292739.74,9
26,Ores/Minerals,Shipper,Rio Tinto Fer Et Titane Inc.,276419.9,32
26,Ores/Minerals,Shipper,Stelco Inc.,268000.0,10
26,Ores/Minerals,Shipper,Tronox Mineral Sands ( (Pty) ) Ltd.,212589.44,10
28,Inorganic Chemicals,Consignee,Ups Supply Chain Solutions,388630.06,14
28,Inorganic Chemicals,Consignee,Univar Solution Usa Inc.,365894.64,68
28,Inorganic Chemicals,Consignee,Innophos Inc. (Geismar Plant),266548.94,32
28,Inorganic Chemicals,Consignee,Martin Operating Partnership,249870.21,13
28,Inorganic Chemicals,Consignee,O Zf North America Inc.,227500.0,9
28,Inorganic Chemicals,Consignee,Prayon Inc.,188724.88999999998,37
28,Inorganic Chemicals,Consignee,Eurochem North America Corp.,188692.94,14
28,Inorganic Chemicals,Consignee,Eco Fertilizers Inc.,185714.5,7
28,Inorganic Chemicals,Consignee,Univar Solutions Inc.,183023.6,26
28,Inorganic Chemicals,Consignee,Sulphuric Acid,170220.44,9
28,Inorganic Chemicals,Shipper,Alunorte Alumina Do Norte Do,521999.38,21
28,Inorganic Chemicals,Shipper,Innophos Fosfatados De Mexico,288367.96,37
28,Inorganic Chemicals,Shipper,Ocp Nutricrops S.A.,227500.0,9
28,Inorganic Chemicals,Shipper,Xin Yu (Sanya) International Tradin,211600.0,7
28,Inorganic Chemicals,Shipper,Prayon S.A.,180886.88999999998,35
28,Inorganic Chemicals,Shipper,"Mitsui & Co., Ltd.",169797.61000000002,37
28,Inorganic Chemicals,Shipper,Eti Maden Isletmeleri Genel Mudurlugu,169439.54,36
28,Inorganic Chemicals,Shipper,Sohar International Urea & Chemical,164577.0,3
28,Inorganic Chemicals,Shipper,Kofert,132014.18,6
28,Inorganic Chemicals,Shipper,Boliden Harjavalta Oy,125894.91,10
29,Organic Chemicals,Consignee,Dow Europe Gmb H Plant F412,924876.04,2
29,Organic Chemicals,Consignee,Perstorp Polyols Inc.,818894.64,27
29,Organic Chemicals,Consignee,Lanxess Deutschland G,506217.98,16
29,Organic Chemicals,Consignee,Bdp International Airport,486470.02,4
29,Organic Chemicals,Consignee,"Meglobal Eg Singapore Pte., Ltd.",424979.82,52
29,Organic Chemicals,Consignee,Lanxess Corporation,420764.08,31
29,Organic Chemicals,Consignee,Ash Grove Cement Co.,208240.0,22
29,Organic Chemicals,Consignee,Lyondell Chemical Co.,205497.29,24
29,Organic Chemicals,Consignee,Sasol Chemicals (Usa) Llc,199755.14,339
29,Organic Chemicals,Consignee,Eneos America Inc.,169114.63999999998,31
29,Organic Chemicals,Shipper,The Dow Chemical Co.,924876.04,2
29,Organic Chemicals,Shipper,Perstorp Oxo Ab,818894.64,27
29,Organic Chemicals,Shipper,"Meglobal Eg Singapore Pte., Ltd.",322562.12,38
29,Organic Chemicals,Shipper,Nitrogen 2000 Unlimited,215000.36,22
29,Organic Chemicals,Shipper,Sumas Shale Ltd.,208240.0,22
29,Organic Chemicals,Shipper,Alunorte Alumina Do Norte Do,195004.63999999998,18
29,Organic Chemicals,Shipper,Shell International Trading Middle,180941.24000000002,10
29,Organic Chemicals,Shipper,Caribbean Nitrogen Company,176553.89,18
29,Organic Chemicals,Shipper,Sasol Chemicals A Division Of Saso,174946.51,250
29,Organic Chemicals,Shipper,Eneos Corp.,163211.63999999998,30
31,Fertilizers,Consignee,Yara North America,1512256.53,347
31,Fertilizers,Consignee,Eurochem North America Corp.,1206331.6,71
31,Fertilizers,Consignee,Ukt Chicago Inc.,909158.13,51
31,Fertilizers,Consignee,Eco Fertilizers Inc.,862077.5,38
31,Fertilizers,Consignee,Helm Fertilizer Corp,737337.67,70
31,Fertilizers,Consignee,Ups Supply Chain Solutions,631989.0,16
31,Fertilizers,Consignee,Archer Daniels Midland Co.,591199.04,37
31,Fertilizers,Consignee,Chs Inc.,530612.94,22
31,Fertilizers,Consignee,Macrosource Llc,499950.63,54
31,Fertilizers,Consignee,Ngb Express Lines S.A.P.I De C.V.,439822.08,14
31,Fertilizers,Shipper,Food Security Solutions Dmcc,818112.29,43
31,Fertilizers,Shipper,Qatar Chemical And Petrochemical,676394.27,14
31,Fertilizers,Shipper,Yara Porsgrunn,658514.4,178
31,Fertilizers,Shipper,Agroindustrias Del Balsas Sa De Cv,476124.08,15
31,Fertilizers,Shipper,Dead Sea Works Ltd.,420045.32,67
31,Fertilizers,Shipper,Jsc Apatit,381418.54,59
31,Fertilizers,Shipper,Xin Yu (Sanya) International,375655.75,20
31,Fertilizers,Shipper,El Nasr Co. For Intermediate,354500.0,28
31,Fertilizers,Shipper,Sabic Agri Nutrients Co.,334850.95,9
31,Fertilizers,Shipper,Rotem Amfert Negev Ltd.,331590.16,78
72,Iron & Steel,Consignee,The David J. Joseph Co.,1682715.35,52
72,Iron & Steel,Consignee,Host Agency,1324113.85,204
72,Iron & Steel,Consignee,Jaime Maduro Customs Broker,867530.0,3
72,Iron & Steel,Consignee,Ferrosource,722822.78,40
72,Iron & Steel,Consignee,Schnitzer Steel Industries In,621880.0,113
72,Iron & Steel,Consignee,Thyssenkrupp Stainless Usa Llc,598303.12,2968
72,Iron & Steel,Consignee,Posco America,495653.01,956
72,Iron & Steel,Consignee,Aldarra Overseas Group Inc.,471014.05,14
72,Iron & Steel,Consignee,Puerto Rico Steel Products Corp.,460015.27,5
72,Iron & Steel,Consignee,Tenaris Bay City,451542.7,60
72,Iron & Steel,Shipper,Nu Iron Unlimited,1612511.35,48
72,Iron & Steel,Shipper,Duferco Sa,1002557.0,33
72,Iron & Steel,Shipper,Posco,968906.55,2597
72,Iron & Steel,Shipper,Global Trade Operations,708705.01,4
72,Iron & Steel,Shipper,Al Ezz Dekheila Steel Co.,662264.82,51
72,Iron & Steel,Shipper,Stemcor London Ltd.,623198.0,18
72,Iron & Steel,Shipper,Hyundai Steel Co.,552784.32,1911
72,Iron & Steel,Shipper,Thyssenkrupp Rasselstein Gmb H,501167.41,2144
72,Iron & Steel,Shipper,Silcotub S.A.,445867.41,51
72,Iron & Steel,Shipper,Ssab Emea Ab,382201.14,2131
73,Steel Articles,Consignee,Pacifica Piling Ltd. Partnership,503356.72,38
73,Steel Articles,Consignee,Wind Turbine And Energy Cables Corp.,478430.31,52
73,Steel Articles,Consignee,Pusan Pipe America Inc.,432980.91,2549
73,Steel Articles,Consignee,Two Rivers Cement,432820.0,16
73,Steel Articles,Consignee,Tenaris Global Services Usa,248152.1,1713
73,Steel Articles,Consignee,Sca Logistics Ab,237198.23,54
73,Steel Articles,Consignee,Cemtech Usa Llc,226534.44,9
73,Steel Articles,Consignee,Harmer Steel Products Co.,217885.77,15
73,Steel Articles,Consignee,Hyundai Steel Usa Inc.,205906.27,1271
73,Steel Articles,Consignee,Voest Alpine Tubular Corp.,182486.71,559
73,Steel Articles,Shipper,Dins Pipeline International Ltd.,504771.25999999995,44
73,Steel Articles,Shipper,Vergo Enerji,428000.02,2
73,Steel Articles,Shipper,Seah Steel Corporation,399091.77,2483
73,Steel Articles,Shipper,Lhp Vietnam Technology Investment,351920.0,13
73,Steel Articles,Shipper,Anshan Zizhu International Trading,323078.25,29
73,Steel Articles,Shipper,Tubos De Acero De Mexico S.A.,269404.19,1379
73,Steel Articles,Shipper,"Nexteel Co., Ltd.",246890.55,701
73,Steel Articles,Shipper,Cemtech Global Muhendislik As,237854.44,11
73,Steel Articles,Shipper,"Voestalpine Tubulars Gmb H & Co., Kg",235927.03,668
73,Steel Articles,Shipper,Sca Logistics Ab,217977.31,50
